season,round,event_name,session_type,Time_s,Driver,DriverNumber,DriverId,TeamId,LapTime_s,LapNumber,Stint,PitOutTime_s,PitInTime_s,Sector1Time_s,Sector2Time_s,Sector3Time_s,Sector1SessionTime_s,Sector2SessionTime_s,Sector3SessionTime_s,SpeedI1,SpeedI2,SpeedFL,SpeedST,IsPersonalBest,Compound,TyreLife,FreshTyre,Team,LapStartTime_s,LapStartDate,TrackStatus,Position,Deleted,DeletedReason,FastF1Generated,IsAccurate
2026,7,Barcelona Grand Prix,FP3,2133.481000,NOR,1,norris,mclaren,,1.000000,1.000000,2030.583000,,,42.062000,29.163000,,2104.491000,2133.565000,187.000000,201.000000,284.000000,141.000000,False,SOFT,1.000000,True,McLaren,2030.583000,,1,,False,,False,False
2026,7,Barcelona Grand Prix,FP3,2210.090000,NOR,1,norris,mclaren,76.609000,2.000000,1.000000,,,22.387000,31.045000,23.177000,2155.868000,2186.913000,2210.090000,277.000000,283.000000,279.000000,331.000000,True,SOFT,2.000000,True,McLaren,2133.481000,,1,,False,,False,True
2026,7,Barcelona Grand Prix,FP3,2333.989000,NOR,1,norris,mclaren,123.899000,3.000000,1.000000,,2330.880000,35.252000,47.911000,40.736000,2245.342000,2293.253000,2333.989000,163.000000,162.000000,,184.000000,False,SOFT,3.000000,True,McLaren,2210.090000,,1,,False,,False,False
2026,7,Barcelona Grand Prix,FP3,2476.980000,NOR,1,norris,mclaren,142.991000,4.000000,2.000000,2363.405000,,68.924000,46.607000,27.460000,2402.913000,2449.520000,2476.980000,186.000000,191.000000,281.000000,101.000000,False,SOFT,4.000000,False,McLaren,2333.989000,,1,,False,,False,False
2026,7,Barcelona Grand Prix,FP3,2553.739000,NOR,1,norris,mclaren,76.759000,5.000000,2.000000,,,22.576000,30.966000,23.217000,2499.556000,2530.522000,2553.739000,275.000000,285.000000,284.000000,330.000000,False,SOFT,5.000000,False,McLaren,2476.980000,,1,,False,,False,True
2026,7,Barcelona Grand Prix,FP3,2636.686000,NOR,1,norris,mclaren,82.947000,6.000000,2.000000,,,26.868000,32.139000,23.940000,2580.607000,2612.746000,2636.686000,252.000000,274.000000,298.000000,260.000000,False,SOFT,6.000000,False,McLaren,2553.739000,,1,,False,,False,True
2026,7,Barcelona Grand Prix,FP3,2716.034000,NOR,1,norris,mclaren,79.348000,7.000000,2.000000,,,23.286000,32.072000,23.990000,2659.972000,2692.044000,2716.034000,261.000000,275.000000,299.000000,317.000000,False,SOFT,7.000000,False,McLaren,2636.686000,,1,,False,,False,True
2026,7,Barcelona Grand Prix,FP3,2795.794000,NOR,1,norris,mclaren,79.760000,8.000000,2.000000,,,23.145000,32.139000,24.476000,2739.179000,2771.318000,2795.794000,259.000000,269.000000,297.000000,324.000000,False,SOFT,8.000000,False,McLaren,2716.034000,,1,,False,,False,True
2026,7,Barcelona Grand Prix,FP3,3691.134000,NOR,1,norris,mclaren,,9.000000,2.000000,,2898.450000,23.956000,42.309000,,2819.995000,2862.278000,,249.000000,98.000000,,326.000000,False,SOFT,9.000000,False,McLaren,2795.794000,,125,,False,,False,False
2026,7,Barcelona Grand Prix,FP3,3798.514000,NOR,1,norris,mclaren,,10.000000,3.000000,3691.134000,,,39.235000,26.155000,,3772.513000,3798.642000,204.000000,241.000000,288.000000,162.000000,False,SOFT,1.000000,True,McLaren,3691.134000,,1,,False,,False,False
2026,7,Barcelona Grand Prix,FP3,3874.439000,NOR,1,norris,mclaren,75.925000,11.000000,3.000000,,,22.214000,30.700000,23.011000,3820.728000,3851.428000,3874.439000,276.000000,289.000000,282.000000,337.000000,True,SOFT,2.000000,True,McLaren,3798.514000,,1,,False,,False,True
2026,7,Barcelona Grand Prix,FP3,3981.236000,NOR,1,norris,mclaren,106.797000,12.000000,3.000000,,3978.355000,33.348000,41.444000,32.005000,3907.787000,3949.231000,3981.236000,219.000000,174.000000,,141.000000,False,SOFT,3.000000,True,McLaren,3874.439000,,1,,False,,False,False
2026,7,Barcelona Grand Prix,FP3,4547.895000,NOR,1,norris,mclaren,,13.000000,4.000000,4421.523000,,,36.679000,26.814000,,4521.130000,4547.895000,174.000000,223.000000,247.000000,249.000000,False,SOFT,4.000000,False,McLaren,3981.236000,,1,,False,,False,False
2026,7,Barcelona Grand Prix,FP3,4705.799000,NOR,1,norris,mclaren,,14.000000,4.000000,,,30.763000,42.703000,84.552000,4578.700000,4621.455000,4705.799000,181.000000,141.000000,3.000000,211.000000,False,SOFT,5.000000,False,McLaren,4547.895000,,1,,False,,False,False
2026,7,Barcelona Grand Prix,FP3,4800.490000,NOR,1,norris,mclaren,94.691000,15.000000,4.000000,,4797.704000,27.067000,37.079000,30.545000,4732.866000,4769.945000,4800.490000,222.000000,181.000000,,301.000000,False,SOFT,6.000000,False,McLaren,4705.799000,,12,,False,,False,False
2026,7,Barcelona Grand Prix,FP3,2454.645000,VER,3,max_verstappen,red_bull,,1.000000,1.000000,2349.092000,,,41.924000,31.294000,,2423.531000,2454.758000,202.000000,211.000000,291.000000,164.000000,False,SOFT,1.000000,True,Red Bull Racing,2349.092000,,1,,False,,False,False
2026,7,Barcelona Grand Prix,FP3,2531.500000,VER,3,max_verstappen,red_bull,76.855000,2.000000,1.000000,,,22.367000,30.933000,23.555000,2477.012000,2507.945000,2531.500000,271.000000,285.000000,274.000000,330.000000,True,SOFT,2.000000,True,Red Bull Racing,2454.645000,,1,,False,,False,True
2026,7,Barcelona Grand Prix,FP3,2649.159000,VER,3,max_verstappen,red_bull,117.659000,3.000000,1.000000,,2646.350000,33.725000,48.359000,35.575000,2565.225000,2613.584000,2649.159000,152.000000,155.000000,,247.000000,False,SOFT,3.000000,True,Red Bull Racing,2531.500000,,1,,False,,False,False
2026,7,Barcelona Grand Prix,FP3,3312.921000,VER,3,max_verstappen,red_bull,,4.000000,2.000000,3200.615000,,,42.258000,26.658000,,3286.446000,3312.921000,167.000000,238.000000,288.000000,154.000000,False,SOFT,4.000000,False,Red Bull Racing,3200.615000,,1,,False,,False,False
2026,7,Barcelona Grand Prix,FP3,3390.150000,VER,3,max_verstappen,red_bull,77.229000,5.000000,2.000000,,,22.583000,31.217000,23.429000,3335.504000,3366.721000,3390.150000,271.000000,292.000000,279.000000,331.000000,False,SOFT,5.000000,False,Red Bull Racing,3312.921000,,1,,False,,False,True
2026,7,Barcelona Grand Prix,FP3,3482.908000,VER,3,max_verstappen,red_bull,92.758000,6.000000,2.000000,,3480.093000,27.350000,34.235000,31.173000,3417.500000,3451.735000,3482.908000,222.000000,242.000000,,209.000000,False,SOFT,6.000000,False,Red Bull Racing,3390.150000,,1,,False,,False,False
2026,7,Barcelona Grand Prix,FP3,3879.884000,VER,3,max_verstappen,red_bull,,7.000000,3.000000,3763.532000,,,41.944000,28.744000,,3851.376000,3880.111000,159.000000,182.000000,288.000000,125.000000,False,SOFT,1.000000,True,Red Bull Racing,3482.908000,,1,,False,,False,False
2026,7,Barcelona Grand Prix,FP3,3956.318000,VER,3,max_verstappen,red_bull,76.434000,8.000000,3.000000,,,22.410000,30.654000,23.370000,3902.294000,3932.948000,3956.318000,274.000000,289.000000,278.000000,335.000000,True,SOFT,2.000000,True,Red Bull Racing,3879.884000,,1,,False,,False,True
2026,7,Barcelona Grand Prix,FP3,4047.403000,VER,3,max_verstappen,red_bull,91.085000,9.000000,3.000000,,4044.726000,27.970000,33.813000,29.302000,3984.288000,4018.101000,4047.403000,224.000000,221.000000,,226.000000,False,SOFT,3.000000,True,Red Bull Racing,3956.318000,,1,,False,,False,False
2026,7,Barcelona Grand Prix,FP3,4467.812000,VER,3,max_verstappen,red_bull,,10.000000,4.000000,4341.597000,,,40.023000,30.655000,,4437.218000,4467.841000,108.000000,178.000000,212.000000,194.000000,False,SOFT,4.000000,False,Red Bull Racing,4047.403000,,1,,False,,False,False
2026,7,Barcelona Grand Prix,FP3,4586.993000,VER,3,max_verstappen,red_bull,119.181000,11.000000,4.000000,,,33.462000,41.975000,43.744000,4501.274000,4543.249000,4586.993000,163.000000,200.000000,42.000000,218.000000,False,SOFT,5.000000,False,Red Bull Racing,4467.812000,,1,,False,,False,True
2026,7,Barcelona Grand Prix,FP3,4712.169000,VER,3,max_verstappen,red_bull,125.176000,12.000000,4.000000,,4709.353000,59.214000,36.850000,29.112000,4646.207000,4683.057000,4712.169000,214.000000,196.000000,,290.000000,False,SOFT,6.000000,False,Red Bull Racing,4586.993000,,1,,False,,False,False
2026,7,Barcelona Grand Prix,FP3,2106.111000,BOR,5,bortoleto,audi,,1.000000,1.000000,2014.264000,,,37.184000,26.438000,,2079.870000,2106.190000,198.000000,228.000000,285.000000,224.000000,False,SOFT,1.000000,True,Audi,2014.264000,,1,,False,,False,False
2026,7,Barcelona Grand Prix,FP3,2183.692000,BOR,5,bortoleto,audi,77.581000,2.000000,1.000000,,,22.660000,31.318000,23.603000,2128.771000,2160.089000,2183.692000,280.000000,279.000000,277.000000,330.000000,True,SOFT,2.000000,True,Audi,2106.111000,,1,,False,,False,True
2026,7,Barcelona Grand Prix,FP3,2288.634000,BOR,5,bortoleto,audi,104.942000,3.000000,1.000000,,2285.793000,26.249000,47.109000,31.584000,2209.941000,2257.050000,2288.634000,162.000000,222.000000,,296.000000,False,SOFT,3.000000,True,Audi,2183.692000,,1,,False,,False,False
2026,7,Barcelona Grand Prix,FP3,2812.930000,BOR,5,bortoleto,audi,,4.000000,2.000000,2687.238000,,,44.117000,28.812000,,2784.205000,2813.045000,179.000000,180.000000,281.000000,177.000000,False,SOFT,4.000000,False,Audi,2288.634000,,1,,False,,False,False
2026,7,Barcelona Grand Prix,FP3,2891.901000,BOR,5,bortoleto,audi,78.971000,5.000000,2.000000,,,22.879000,31.799000,24.293000,2835.809000,2867.608000,2891.901000,277.000000,283.000000,280.000000,330.000000,False,SOFT,5.000000,False,Audi,2812.930000,,12,,False,,False,True
2026,7,Barcelona Grand Prix,FP3,3816.694000,BOR,5,bortoleto,audi,,6.000000,2.000000,,3008.497000,,,,,,,,,,,False,SOFT,6.000000,False,Audi,2891.901000,,251,,False,,False,False
2026,7,Barcelona Grand Prix,FP3,3927.149000,BOR,5,bortoleto,audi,,7.000000,3.000000,3816.694000,,,41.789000,29.589000,,3897.886000,3927.395000,198.000000,199.000000,288.000000,162.000000,False,SOFT,1.000000,True,Audi,3816.694000,,1,,False,,False,False
2026,7,Barcelona Grand Prix,FP3,4004.176000,BOR,5,bortoleto,audi,77.027000,8.000000,3.000000,,,22.431000,31.156000,23.440000,3949.580000,3980.736000,4004.176000,280.000000,280.000000,280.000000,332.000000,True,SOFT,2.000000,True,Audi,3927.149000,,1,,False,,False,True
2026,7,Barcelona Grand Prix,FP3,4100.516000,BOR,5,bortoleto,audi,96.340000,9.000000,3.000000,,4097.685000,29.881000,35.521000,30.938000,4034.057000,4069.578000,4100.516000,206.000000,209.000000,,225.000000,False,SOFT,3.000000,True,Audi,4004.176000,,1,,False,,False,False
2026,7,Barcelona Grand Prix,FP3,4347.239000,BOR,5,bortoleto,audi,,10.000000,4.000000,4234.911000,4344.380000,,34.911000,30.112000,,4317.372000,4347.318000,230.000000,213.000000,,221.000000,False,SOFT,4.000000,False,Audi,4100.516000,,1,,False,,False,False
2026,7,Barcelona Grand Prix,FP3,4472.058000,BOR,5,bortoleto,audi,124.819000,11.000000,5.000000,4362.749000,,61.381000,33.646000,29.792000,4408.620000,4442.266000,4472.058000,234.000000,264.000000,292.000000,250.000000,False,SOFT,5.000000,False,Audi,4347.239000,,1,,False,,False,False
2026,7,Barcelona Grand Prix,FP3,4580.255000,BOR,5,bortoleto,audi,108.197000,12.000000,5.000000,,,25.136000,46.142000,36.919000,4497.194000,4543.336000,4580.255000,230.000000,197.000000,60.000000,330.000000,False,SOFT,6.000000,False,Audi,4472.058000,,1,,False,,False,True
2026,7,Barcelona Grand Prix,FP3,4713.681000,BOR,5,bortoleto,audi,133.426000,13.000000,5.000000,,4710.790000,60.306000,42.123000,30.997000,4640.561000,4682.684000,4713.681000,160.000000,202.000000,,216.000000,False,SOFT,7.000000,False,Audi,4580.255000,,1,,False,,False,False
2026,7,Barcelona Grand Prix,FP3,2437.709000,HAD,6,hadjar,red_bull,,1.000000,1.000000,2326.329000,,,47.703000,28.977000,,2409.012000,2437.883000,179.000000,234.000000,286.000000,169.000000,False,SOFT,1.000000,True,Red Bull Racing,2326.329000,,1,,False,,False,False
2026,7,Barcelona Grand Prix,FP3,2515.191000,HAD,6,hadjar,red_bull,77.482000,2.000000,1.000000,,,22.676000,31.075000,23.731000,2460.385000,2491.460000,2515.191000,271.000000,284.000000,275.000000,330.000000,True,SOFT,2.000000,True,Red Bull Racing,2437.709000,,1,,False,,False,True
2026,7,Barcelona Grand Prix,FP3,2638.591000,HAD,6,hadjar,red_bull,123.400000,3.000000,1.000000,,2635.857000,40.009000,46.273000,37.118000,2555.200000,2601.473000,2638.591000,150.000000,186.000000,,174.000000,False,SOFT,3.000000,True,Red Bull Racing,2515.191000,,1,,False,,False,False
2026,7,Barcelona Grand Prix,FP3,3383.621000,HAD,6,hadjar,red_bull,,4.000000,2.000000,3233.002000,,,45.827000,38.124000,,3345.647000,3383.726000,174.000000,254.000000,284.000000,91.000000,False,SOFT,4.000000,False,Red Bull Racing,3233.002000,,1,,False,,False,False
2026,7,Barcelona Grand Prix,FP3,3461.759000,HAD,6,hadjar,red_bull,78.138000,5.000000,2.000000,,,22.926000,31.390000,23.822000,3406.547000,3437.937000,3461.759000,274.000000,284.000000,274.000000,330.000000,False,SOFT,5.000000,False,Red Bull Racing,3383.621000,,1,,False,,False,True
2026,7,Barcelona Grand Prix,FP3,3554.624000,HAD,6,hadjar,red_bull,92.865000,6.000000,2.000000,,3551.764000,25.363000,34.836000,32.666000,3487.122000,3521.958000,3554.624000,251.000000,221.000000,,295.000000,False,SOFT,6.000000,False,Red Bull Racing,3461.759000,,1,,False,,False,False
2026,7,Barcelona Grand Prix,FP3,3846.126000,HAD,6,hadjar,red_bull,,7.000000,3.000000,3730.260000,,,44.101000,33.380000,,3812.931000,3846.204000,192.000000,260.000000,286.000000,120.000000,False,SOFT,1.000000,True,Red Bull Racing,3554.624000,,1,,False,,False,False
2026,7,Barcelona Grand Prix,FP3,3958.642000,HAD,6,hadjar,red_bull,112.516000,8.000000,3.000000,,3955.803000,30.649000,45.496000,36.371000,3876.775000,3922.271000,3958.642000,158.000000,217.000000,,329.000000,False,SOFT,2.000000,True,Red Bull Racing,3846.126000,,1,,False,,False,False
2026,7,Barcelona Grand Prix,FP3,4092.443000,HAD,6,hadjar,red_bull,133.801000,9.000000,4.000000,3972.449000,,52.539000,50.377000,30.885000,4011.181000,4061.558000,4092.443000,151.000000,250.000000,280.000000,115.000000,False,SOFT,3.000000,False,Red Bull Racing,3958.642000,,1,,False,,False,False
2026,7,Barcelona Grand Prix,FP3,4194.048000,HAD,6,hadjar,red_bull,101.605000,10.000000,4.000000,,4191.270000,22.447000,38.955000,40.203000,4114.890000,4153.845000,4194.048000,278.000000,170.000000,,334.000000,False,SOFT,4.000000,False,Red Bull Racing,4092.443000,,1,,False,,False,False
2026,7,Barcelona Grand Prix,FP3,4359.423000,HAD,6,hadjar,red_bull,,11.000000,5.000000,4220.034000,,73.288000,58.694000,33.482000,4267.474000,4326.106000,4359.506000,122.000000,233.000000,285.000000,92.000000,False,SOFT,5.000000,False,Red Bull Racing,4194.048000,,1,,False,,False,False
2026,7,Barcelona Grand Prix,FP3,4436.107000,HAD,6,hadjar,red_bull,76.684000,12.000000,5.000000,,,22.441000,30.820000,23.423000,4381.864000,4412.684000,4436.107000,278.000000,285.000000,275.000000,334.000000,True,SOFT,6.000000,False,Red Bull Racing,4359.423000,,1,,False,,False,True
2026,7,Barcelona Grand Prix,FP3,4542.572000,HAD,6,hadjar,red_bull,106.465000,13.000000,5.000000,,,29.241000,42.741000,34.483000,4465.348000,4508.089000,4542.572000,199.000000,166.000000,199.000000,294.000000,False,SOFT,7.000000,False,Red Bull Racing,4436.107000,,1,,False,,False,True
2026,7,Barcelona Grand Prix,FP3,4696.497000,HAD,6,hadjar,red_bull,,14.000000,5.000000,,,34.326000,41.803000,77.678000,4577.032000,4618.905000,4696.504000,189.000000,226.000000,3.000000,201.000000,False,SOFT,8.000000,False,Red Bull Racing,4542.572000,,1,,False,,False,False
2026,7,Barcelona Grand Prix,FP3,4789.170000,HAD,6,hadjar,red_bull,92.673000,15.000000,5.000000,,4786.212000,28.043000,32.485000,32.145000,4724.540000,4757.025000,4789.170000,265.000000,266.000000,,292.000000,False,SOFT,9.000000,False,Red Bull Racing,4696.497000,,12,,False,,False,False
2026,7,Barcelona Grand Prix,FP3,2372.932000,GAS,10,gasly,alpine,,1.000000,1.000000,2264.669000,,,44.258000,27.868000,,2345.358000,2373.069000,167.000000,218.000000,285.000000,133.000000,False,SOFT,1.000000,True,Alpine,2264.669000,,1,,False,,False,False
2026,7,Barcelona Grand Prix,FP3,2450.930000,GAS,10,gasly,alpine,77.998000,2.000000,1.000000,,,22.759000,31.289000,23.950000,2395.691000,2426.980000,2450.930000,271.000000,278.000000,285.000000,328.000000,False,SOFT,2.000000,True,Alpine,2372.932000,,1,,True,TRACK LIMITS AT TURN 13 LAP 3 ,False,True
2026,7,Barcelona Grand Prix,FP3,2604.492000,GAS,10,gasly,alpine,,3.000000,1.000000,,2601.599000,41.164000,65.654000,46.592000,2492.291000,2557.953000,2604.492000,102.000000,153.000000,,178.000000,False,SOFT,3.000000,True,Alpine,2450.930000,,1,,False,,False,False
2026,7,Barcelona Grand Prix,FP3,2868.837000,GAS,10,gasly,alpine,,4.000000,2.000000,2753.874000,,,47.506000,28.074000,,2840.946000,2868.837000,151.000000,205.000000,281.000000,131.000000,False,SOFT,4.000000,False,Alpine,2604.492000,,1,,False,,False,False
2026,7,Barcelona Grand Prix,FP3,3381.132000,GAS,10,gasly,alpine,,5.000000,2.000000,,2981.154000,22.908000,,,2891.869000,,,274.000000,,,333.000000,False,SOFT,5.000000,False,Alpine,2868.837000,,125,,False,,False,False
2026,7,Barcelona Grand Prix,FP3,3493.900000,GAS,10,gasly,alpine,,6.000000,3.000000,3381.132000,,,49.175000,28.402000,,3465.742000,3494.068000,121.000000,206.000000,279.000000,163.000000,False,SOFT,6.000000,False,Alpine,3381.132000,,1,,False,,False,False
2026,7,Barcelona Grand Prix,FP3,3572.553000,GAS,10,gasly,alpine,78.653000,7.000000,3.000000,,,22.961000,31.691000,24.001000,3516.861000,3548.552000,3572.553000,279.000000,280.000000,281.000000,332.000000,True,SOFT,7.000000,False,Alpine,3493.900000,,1,,False,,False,True
2026,7,Barcelona Grand Prix,FP3,3680.419000,GAS,10,gasly,alpine,107.866000,8.000000,3.000000,,3677.044000,29.465000,41.700000,36.701000,3602.018000,3643.718000,3680.419000,200.000000,101.000000,,295.000000,False,SOFT,8.000000,False,Alpine,3572.553000,,1,,False,,False,False
2026,7,Barcelona Grand Prix,FP3,3950.177000,GAS,10,gasly,alpine,,9.000000,4.000000,3819.879000,,,45.430000,32.132000,,3918.258000,3950.177000,180.000000,224.000000,294.000000,103.000000,False,SOFT,1.000000,True,Alpine,3680.419000,,1,,False,,False,False
2026,7,Barcelona Grand Prix,FP3,4060.030000,GAS,10,gasly,alpine,109.853000,10.000000,4.000000,,4057.230000,23.203000,43.710000,42.940000,3973.380000,4017.090000,4060.030000,277.000000,93.000000,,306.000000,False,SOFT,2.000000,True,Alpine,3950.177000,,1,,False,,False,False
2026,7,Barcelona Grand Prix,FP3,4342.497000,GAS,10,gasly,alpine,,11.000000,5.000000,4237.317000,,,45.910000,27.038000,,4315.700000,4342.599000,178.000000,224.000000,282.000000,170.000000,False,SOFT,3.000000,False,Alpine,4060.030000,,1,,False,,False,False
2026,7,Barcelona Grand Prix,FP3,4420.080000,GAS,10,gasly,alpine,77.583000,12.000000,5.000000,,,22.694000,31.334000,23.555000,4365.191000,4396.525000,4420.080000,281.000000,290.000000,282.000000,333.000000,True,SOFT,4.000000,False,Alpine,4342.497000,,1,,False,,False,True
2026,7,Barcelona Grand Prix,FP3,4529.821000,GAS,10,gasly,alpine,109.741000,13.000000,5.000000,,,30.651000,46.499000,32.591000,4450.731000,4497.230000,4529.821000,153.000000,233.000000,241.000000,290.000000,False,SOFT,5.000000,False,Alpine,4420.080000,,1,,False,,False,True
2026,7,Barcelona Grand Prix,FP3,4650.717000,GAS,10,gasly,alpine,120.896000,14.000000,5.000000,,,31.165000,43.938000,45.793000,4560.986000,4604.924000,4650.717000,172.000000,181.000000,61.000000,262.000000,False,SOFT,6.000000,False,Alpine,4529.821000,,1,,False,,False,True
2026,7,Barcelona Grand Prix,FP3,4792.272000,GAS,10,gasly,alpine,141.555000,15.000000,5.000000,,4789.556000,63.203000,43.585000,34.767000,4713.920000,4757.505000,4792.272000,172.000000,200.000000,,300.000000,False,SOFT,7.000000,False,Alpine,4650.717000,,12,,False,,False,False
2026,7,Barcelona Grand Prix,FP3,957.805000,PER,11,perez,cadillac,,1.000000,1.000000,853.891000,,,37.397000,30.558000,,927.505000,957.841000,169.000000,212.000000,286.000000,174.000000,False,MEDIUM,1.000000,True,Cadillac,853.891000,,1,,False,,False,False
2026,7,Barcelona Grand Prix,FP3,1037.916000,PER,11,perez,cadillac,80.111000,2.000000,1.000000,,,23.420000,32.169000,24.522000,981.225000,1013.394000,1037.916000,258.000000,266.000000,267.000000,319.000000,True,MEDIUM,2.000000,True,Cadillac,957.805000,,1,,False,,False,True
2026,7,Barcelona Grand Prix,FP3,1161.889000,PER,11,perez,cadillac,123.973000,3.000000,1.000000,,1158.978000,35.701000,43.158000,45.114000,1073.617000,1116.775000,1161.889000,159.000000,187.000000,,171.000000,False,MEDIUM,3.000000,True,Cadillac,1037.916000,,1,,False,,False,False
2026,7,Barcelona Grand Prix,FP3,1292.453000,PER,11,perez,cadillac,130.564000,4.000000,2.000000,1188.217000,,56.926000,44.430000,29.208000,1218.815000,1263.245000,1292.453000,169.000000,175.000000,289.000000,217.000000,False,MEDIUM,4.000000,False,Cadillac,1161.889000,,1,,False,,False,False
2026,7,Barcelona Grand Prix,FP3,1380.663000,PER,11,perez,cadillac,88.210000,5.000000,2.000000,,,23.252000,33.597000,31.361000,1315.705000,1349.302000,1380.663000,268.000000,182.000000,255.000000,322.000000,False,MEDIUM,5.000000,False,Cadillac,1292.453000,,1,,True,TRACK LIMITS AT TURN 9 LAP 6 ,False,True
2026,7,Barcelona Grand Prix,FP3,1488.844000,PER,11,perez,cadillac,108.181000,6.000000,2.000000,,,32.060000,48.026000,28.095000,1412.723000,1460.749000,1488.844000,153.000000,215.000000,255.000000,248.000000,False,MEDIUM,6.000000,False,Cadillac,1380.663000,,1,,False,,False,True
2026,7,Barcelona Grand Prix,FP3,1587.478000,PER,11,perez,cadillac,98.634000,7.000000,2.000000,,1584.576000,28.238000,37.565000,32.831000,1517.082000,1554.647000,1587.478000,215.000000,215.000000,,259.000000,False,MEDIUM,7.000000,False,Cadillac,1488.844000,,1,,False,,False,False
2026,7,Barcelona Grand Prix,FP3,2559.048000,PER,11,perez,cadillac,,8.000000,3.000000,2456.165000,,,42.257000,27.548000,,2531.500000,2559.158000,184.000000,206.000000,255.000000,169.000000,False,MEDIUM,8.000000,False,Cadillac,1587.478000,,1,,False,,False,False
2026,7,Barcelona Grand Prix,FP3,2669.343000,PER,11,perez,cadillac,110.295000,9.000000,3.000000,,2666.432000,30.776000,44.079000,35.440000,2589.824000,2633.903000,2669.343000,184.000000,199.000000,,260.000000,False,MEDIUM,9.000000,False,Cadillac,2559.048000,,1,,False,,False,False
2026,7,Barcelona Grand Prix,FP3,2806.012000,PER,11,perez,cadillac,136.669000,10.000000,4.000000,2694.496000,,60.707000,44.890000,31.072000,2730.050000,2774.940000,2806.012000,158.000000,190.000000,288.000000,167.000000,False,MEDIUM,10.000000,False,Cadillac,2669.343000,,1,,False,,False,False
2026,7,Barcelona Grand Prix,FP3,2886.270000,PER,11,perez,cadillac,80.258000,11.000000,4.000000,,,23.421000,32.298000,24.539000,2829.433000,2861.731000,2886.270000,265.000000,287.000000,276.000000,326.000000,False,MEDIUM,11.000000,False,Cadillac,2806.012000,,1,,False,,False,True
2026,7,Barcelona Grand Prix,FP3,3243.737000,PER,11,perez,cadillac,,12.000000,4.000000,,3004.919000,,,,,,,,,,231.000000,False,MEDIUM,12.000000,False,Cadillac,2886.270000,,125,,False,,False,False
2026,7,Barcelona Grand Prix,FP3,3373.603000,PER,11,perez,cadillac,,13.000000,5.000000,3243.737000,,,37.450000,36.728000,,3336.991000,3373.616000,213.000000,192.000000,292.000000,92.000000,False,MEDIUM,13.000000,False,Cadillac,3243.737000,,1,,False,,False,False
2026,7,Barcelona Grand Prix,FP3,3455.986000,PER,11,perez,cadillac,82.383000,14.000000,5.000000,,,24.136000,33.202000,25.045000,3397.739000,3430.941000,3455.986000,251.000000,258.000000,294.000000,318.000000,False,MEDIUM,14.000000,False,Cadillac,3373.603000,,1,,False,,False,True
2026,7,Barcelona Grand Prix,FP3,3538.785000,PER,11,perez,cadillac,82.799000,15.000000,5.000000,,,24.210000,33.559000,25.030000,3480.196000,3513.755000,3538.785000,241.000000,261.000000,291.000000,322.000000,False,MEDIUM,15.000000,False,Cadillac,3455.986000,,1,,False,,False,True
2026,7,Barcelona Grand Prix,FP3,3621.247000,PER,11,perez,cadillac,82.462000,16.000000,5.000000,,,24.040000,33.211000,25.211000,3562.825000,3596.036000,3621.247000,258.000000,269.000000,292.000000,318.000000,False,MEDIUM,16.000000,False,Cadillac,3538.785000,,1,,False,,False,True
2026,7,Barcelona Grand Prix,FP3,3703.805000,PER,11,perez,cadillac,82.558000,17.000000,5.000000,,,24.046000,33.339000,25.173000,3645.293000,3678.632000,3703.805000,257.000000,264.000000,293.000000,318.000000,False,MEDIUM,17.000000,False,Cadillac,3621.247000,,1,,False,,False,True
2026,7,Barcelona Grand Prix,FP3,3791.220000,PER,11,perez,cadillac,87.415000,18.000000,5.000000,,3788.144000,24.088000,33.553000,29.774000,3727.893000,3761.446000,3791.220000,260.000000,264.000000,,318.000000,False,MEDIUM,18.000000,False,Cadillac,3703.805000,,1,,False,,False,False
2026,7,Barcelona Grand Prix,FP3,4062.666000,PER,11,perez,cadillac,,19.000000,6.000000,3954.303000,,,45.397000,28.710000,,4034.104000,4062.777000,160.000000,211.000000,290.000000,168.000000,False,SOFT,1.000000,True,Cadillac,3791.220000,,1,,False,,False,False
2026,7,Barcelona Grand Prix,FP3,4141.357000,PER,11,perez,cadillac,78.691000,20.000000,6.000000,,,23.245000,31.465000,23.981000,4085.911000,4117.376000,4141.357000,275.000000,278.000000,276.000000,326.000000,True,SOFT,2.000000,True,Cadillac,4062.666000,,1,,False,,False,True
2026,7,Barcelona Grand Prix,FP3,4255.000000,PER,11,perez,cadillac,113.643000,21.000000,6.000000,,4252.114000,38.271000,38.431000,36.941000,4179.628000,4218.059000,4255.000000,161.000000,207.000000,,183.000000,False,SOFT,3.000000,True,Cadillac,4141.357000,,1,,False,,False,False
2026,7,Barcelona Grand Prix,FP3,2526.624000,ANT,12,antonelli,mercedes,,1.000000,1.000000,2420.796000,,,41.950000,29.425000,,2497.317000,2526.797000,187.000000,229.000000,284.000000,145.000000,False,SOFT,1.000000,True,Mercedes,2420.796000,,1,,False,,False,False
2026,7,Barcelona Grand Prix,FP3,2603.124000,ANT,12,antonelli,mercedes,76.500000,2.000000,1.000000,,,22.473000,30.711000,23.316000,2549.097000,2579.808000,2603.124000,269.000000,276.000000,281.000000,328.000000,True,SOFT,2.000000,True,Mercedes,2526.624000,,1,,False,,False,True
2026,7,Barcelona Grand Prix,FP3,2722.883000,ANT,12,antonelli,mercedes,119.759000,3.000000,1.000000,,2720.155000,40.505000,43.123000,36.131000,2643.629000,2686.752000,2722.883000,153.000000,183.000000,,152.000000,False,SOFT,3.000000,True,Mercedes,2603.124000,,1,,False,,False,False
2026,7,Barcelona Grand Prix,FP3,3300.160000,ANT,12,antonelli,mercedes,,4.000000,2.000000,3194.996000,,,40.081000,27.159000,,3273.134000,3300.247000,187.000000,239.000000,285.000000,164.000000,False,SOFT,4.000000,False,Mercedes,3194.996000,,1,,False,,False,False
2026,7,Barcelona Grand Prix,FP3,3376.684000,ANT,12,antonelli,mercedes,76.524000,5.000000,2.000000,,,22.463000,30.797000,23.264000,3322.623000,3353.420000,3376.684000,269.000000,290.000000,270.000000,325.000000,False,SOFT,5.000000,False,Mercedes,3300.160000,,1,,False,,False,True
2026,7,Barcelona Grand Prix,FP3,3480.983000,ANT,12,antonelli,mercedes,104.299000,6.000000,2.000000,,3478.061000,30.526000,40.864000,32.909000,3407.210000,3448.074000,3480.983000,159.000000,161.000000,,254.000000,False,SOFT,6.000000,False,Mercedes,3376.684000,,1,,False,,False,False
2026,7,Barcelona Grand Prix,FP3,3827.162000,ANT,12,antonelli,mercedes,,7.000000,3.000000,3713.784000,,,39.810000,35.071000,,3792.220000,3827.220000,199.000000,240.000000,285.000000,109.000000,False,SOFT,1.000000,True,Mercedes,3480.983000,,1,,False,,False,False
2026,7,Barcelona Grand Prix,FP3,3945.781000,ANT,12,antonelli,mercedes,118.619000,8.000000,3.000000,,,30.870000,58.998000,28.751000,3858.032000,3917.030000,3945.781000,116.000000,215.000000,285.000000,330.000000,False,SOFT,2.000000,True,Mercedes,3827.162000,,1,,False,,False,True
2026,7,Barcelona Grand Prix,FP3,4040.825000,ANT,12,antonelli,mercedes,95.044000,9.000000,3.000000,,4037.447000,22.406000,30.609000,42.029000,3968.187000,3998.796000,4040.825000,274.000000,289.000000,,332.000000,False,SOFT,3.000000,True,Mercedes,3945.781000,,1,,False,,False,False
2026,7,Barcelona Grand Prix,FP3,4521.016000,ANT,12,antonelli,mercedes,,10.000000,4.000000,4372.113000,,,38.993000,27.679000,,4493.494000,4521.109000,202.000000,227.000000,244.000000,162.000000,False,SOFT,7.000000,False,Mercedes,4040.825000,,1,,False,,False,False
2026,7,Barcelona Grand Prix,FP3,4630.613000,ANT,12,antonelli,mercedes,109.597000,11.000000,4.000000,,,30.211000,38.435000,40.951000,4551.227000,4589.662000,4630.613000,192.000000,215.000000,68.000000,226.000000,False,SOFT,8.000000,False,Mercedes,4521.016000,,1,,False,,False,True
2026,7,Barcelona Grand Prix,FP3,4762.979000,ANT,12,antonelli,mercedes,132.366000,12.000000,4.000000,,4760.090000,64.541000,38.754000,29.071000,4695.154000,4733.908000,4762.979000,181.000000,247.000000,,296.000000,False,SOFT,9.000000,False,Mercedes,4630.613000,,1,,False,,False,False
2026,7,Barcelona Grand Prix,FP3,2126.162000,ALO,14,alonso,aston_martin,,1.000000,1.000000,2017.514000,,,45.031000,28.564000,,2097.876000,2126.252000,206.000000,235.000000,285.000000,188.000000,False,SOFT,1.000000,True,Aston Martin,2017.514000,,1,,False,,False,False
2026,7,Barcelona Grand Prix,FP3,2231.958000,ALO,14,alonso,aston_martin,105.796000,2.000000,1.000000,,,25.903000,48.583000,31.310000,2152.065000,2200.648000,2231.958000,199.000000,206.000000,286.000000,318.000000,True,SOFT,2.000000,True,Aston Martin,2126.162000,,1,,False,,False,True
2026,7,Barcelona Grand Prix,FP3,2312.010000,ALO,14,alonso,aston_martin,80.052000,3.000000,1.000000,,,23.311000,32.361000,24.380000,2255.269000,2287.630000,2312.010000,267.000000,273.000000,257.000000,320.000000,True,SOFT,3.000000,True,Aston Martin,2231.958000,,1,,False,,False,True
2026,7,Barcelona Grand Prix,FP3,2464.428000,ALO,14,alonso,aston_martin,,4.000000,1.000000,,2461.494000,46.290000,56.540000,49.411000,2358.530000,2415.130000,2464.428000,130.000000,208.000000,,111.000000,False,SOFT,4.000000,True,Aston Martin,2312.010000,,1,,False,,False,False
2026,7,Barcelona Grand Prix,FP3,2614.894000,ALO,14,alonso,aston_martin,,5.000000,2.000000,2485.472000,,68.817000,53.012000,28.743000,2533.312000,2586.411000,2614.900000,115.000000,224.000000,286.000000,118.000000,False,SOFT,5.000000,False,Aston Martin,2464.428000,,1,,False,,False,False
2026,7,Barcelona Grand Prix,FP3,2712.998000,ALO,14,alonso,aston_martin,98.104000,6.000000,2.000000,,2710.264000,23.385000,35.996000,38.723000,2638.279000,2674.275000,2712.998000,269.000000,208.000000,,320.000000,False,SOFT,6.000000,False,Aston Martin,2614.894000,,1,,False,,False,False
2026,7,Barcelona Grand Prix,FP3,2898.755000,ALO,14,alonso,aston_martin,,7.000000,3.000000,2779.679000,,,45.688000,32.650000,,2866.275000,2898.755000,93.000000,235.000000,284.000000,189.000000,False,SOFT,7.000000,False,Aston Martin,2712.998000,,12,,False,,False,False
2026,7,Barcelona Grand Prix,FP3,3237.158000,ALO,14,alonso,aston_martin,,8.000000,3.000000,,3025.459000,,,,,,,,,,,False,SOFT,8.000000,False,Aston Martin,2898.755000,,251,,False,,False,False
2026,7,Barcelona Grand Prix,FP3,3372.232000,ALO,14,alonso,aston_martin,,9.000000,4.000000,3237.158000,,,39.410000,36.549000,,3335.866000,3372.273000,240.000000,224.000000,283.000000,80.000000,False,SOFT,9.000000,False,Aston Martin,3237.158000,,1,,False,,False,False
2026,7,Barcelona Grand Prix,FP3,3453.884000,ALO,14,alonso,aston_martin,81.652000,10.000000,4.000000,,,23.867000,32.953000,24.832000,3396.099000,3429.052000,3453.884000,264.000000,277.000000,275.000000,322.000000,False,SOFT,10.000000,False,Aston Martin,3372.232000,,1,,False,,False,True
2026,7,Barcelona Grand Prix,FP3,3548.380000,ALO,14,alonso,aston_martin,94.496000,11.000000,4.000000,,3545.601000,25.549000,36.748000,32.199000,3479.433000,3516.181000,3548.380000,240.000000,238.000000,,277.000000,False,SOFT,11.000000,False,Aston Martin,3453.884000,,1,,False,,False,False
2026,7,Barcelona Grand Prix,FP3,3920.299000,ALO,14,alonso,aston_martin,,12.000000,5.000000,3796.767000,,,41.288000,29.293000,,3891.246000,3920.404000,209.000000,251.000000,289.000000,155.000000,False,SOFT,1.000000,True,Aston Martin,3548.380000,,1,,False,,False,False
2026,7,Barcelona Grand Prix,FP3,3999.795000,ALO,14,alonso,aston_martin,79.496000,13.000000,5.000000,,,23.152000,32.353000,23.991000,3943.451000,3975.804000,3999.795000,272.000000,281.000000,276.000000,322.000000,True,SOFT,2.000000,True,Aston Martin,3920.299000,,1,,False,,False,True
2026,7,Barcelona Grand Prix,FP3,4111.280000,ALO,14,alonso,aston_martin,111.485000,14.000000,5.000000,,4108.509000,33.207000,40.567000,37.711000,4033.002000,4073.569000,4111.280000,209.000000,198.000000,,157.000000,False,SOFT,3.000000,True,Aston Martin,3999.795000,,1,,False,,False,False
2026,7,Barcelona Grand Prix,FP3,4374.066000,ALO,14,alonso,aston_martin,,15.000000,6.000000,4268.115000,,,42.176000,28.791000,,4345.413000,4374.066000,200.000000,224.000000,290.000000,134.000000,False,SOFT,4.000000,False,Aston Martin,4111.280000,,1,,False,,False,False
2026,7,Barcelona Grand Prix,FP3,4454.011000,ALO,14,alonso,aston_martin,79.945000,16.000000,6.000000,,,23.371000,32.346000,24.228000,4397.437000,4429.783000,4454.011000,273.000000,279.000000,268.000000,322.000000,False,SOFT,5.000000,False,Aston Martin,4374.066000,,1,,False,,False,True
2026,7,Barcelona Grand Prix,FP3,4566.573000,ALO,14,alonso,aston_martin,112.562000,17.000000,6.000000,,,33.391000,42.134000,37.037000,4487.402000,4529.536000,4566.573000,134.000000,193.000000,82.000000,165.000000,False,SOFT,6.000000,False,Aston Martin,4454.011000,,1,,False,,False,True
2026,7,Barcelona Grand Prix,FP3,4721.183000,ALO,14,alonso,aston_martin,,18.000000,6.000000,,4718.462000,65.675000,53.615000,35.336000,4632.358000,4686.048000,4721.183000,175.000000,169.000000,,209.000000,False,SOFT,7.000000,False,Aston Martin,4566.573000,,1,,False,,False,False
2026,7,Barcelona Grand Prix,FP3,2208.087000,LEC,16,leclerc,ferrari,,1.000000,1.000000,2098.133000,,,42.063000,28.648000,,2179.631000,2208.102000,187.000000,177.000000,286.000000,141.000000,False,SOFT,1.000000,True,Ferrari,2098.133000,,1,,False,,False,False
2026,7,Barcelona Grand Prix,FP3,2284.772000,LEC,16,leclerc,ferrari,76.685000,2.000000,1.000000,,,22.592000,30.884000,23.209000,2230.679000,2261.563000,2284.772000,267.000000,287.000000,267.000000,323.000000,True,SOFT,2.000000,True,Ferrari,2208.087000,,1,,False,,False,True
2026,7,Barcelona Grand Prix,FP3,2402.125000,LEC,16,leclerc,ferrari,117.353000,3.000000,1.000000,,2399.092000,34.074000,45.883000,37.396000,2318.846000,2364.729000,2402.125000,155.000000,177.000000,,255.000000,False,SOFT,3.000000,True,Ferrari,2284.772000,,1,,False,,False,False
2026,7,Barcelona Grand Prix,FP3,2759.894000,LEC,16,leclerc,ferrari,,4.000000,2.000000,2660.557000,,,42.119000,26.338000,,2733.619000,2759.894000,200.000000,208.000000,289.000000,196.000000,False,SOFT,4.000000,False,Ferrari,2402.125000,,1,,False,,False,False
2026,7,Barcelona Grand Prix,FP3,2836.701000,LEC,16,leclerc,ferrari,76.807000,5.000000,2.000000,,,22.451000,31.031000,23.325000,2782.345000,2813.376000,2836.701000,269.000000,282.000000,269.000000,325.000000,False,SOFT,5.000000,False,Ferrari,2759.894000,,1,,False,,False,True
2026,7,Barcelona Grand Prix,FP3,3211.221000,LEC,16,leclerc,ferrari,,6.000000,2.000000,,2937.988000,28.181000,,,2864.946000,,,211.000000,,,245.000000,False,SOFT,6.000000,False,Ferrari,2836.701000,,125,,False,,False,False
2026,7,Barcelona Grand Prix,FP3,3348.811000,LEC,16,leclerc,ferrari,,7.000000,3.000000,3211.221000,,,44.037000,33.278000,,3315.640000,3348.819000,169.000000,135.000000,291.000000,87.000000,False,SOFT,7.000000,False,Ferrari,3211.221000,,1,,False,,False,False
2026,7,Barcelona Grand Prix,FP3,3425.783000,LEC,16,leclerc,ferrari,76.972000,8.000000,3.000000,,,22.559000,31.102000,23.311000,3371.370000,3402.472000,3425.783000,268.000000,294.000000,267.000000,328.000000,False,SOFT,8.000000,False,Ferrari,3348.811000,,1,,False,,False,True
2026,7,Barcelona Grand Prix,FP3,3524.980000,LEC,16,leclerc,ferrari,99.197000,9.000000,3.000000,,,35.783000,39.642000,23.772000,3461.566000,3501.208000,3524.980000,137.000000,274.000000,300.000000,252.000000,False,SOFT,9.000000,False,Ferrari,3425.783000,,1,,False,,False,True
2026,7,Barcelona Grand Prix,FP3,3610.636000,LEC,16,leclerc,ferrari,85.656000,10.000000,3.000000,,3607.700000,23.398000,31.977000,30.281000,3548.378000,3580.355000,3610.636000,254.000000,274.000000,,316.000000,False,SOFT,10.000000,False,Ferrari,3524.980000,,1,,False,,False,False
2026,7,Barcelona Grand Prix,FP3,4071.560000,LEC,16,leclerc,ferrari,,11.000000,4.000000,3964.693000,,,41.709000,30.639000,,4041.094000,4071.775000,192.000000,196.000000,291.000000,150.000000,False,SOFT,1.000000,True,Ferrari,3610.636000,,1,,False,,False,False
2026,7,Barcelona Grand Prix,FP3,4147.482000,LEC,16,leclerc,ferrari,75.922000,12.000000,4.000000,,,22.239000,30.635000,23.048000,4093.799000,4124.434000,4147.482000,268.000000,287.000000,272.000000,328.000000,True,SOFT,2.000000,True,Ferrari,4071.560000,,1,,False,,False,True
2026,7,Barcelona Grand Prix,FP3,4260.583000,LEC,16,leclerc,ferrari,113.101000,13.000000,4.000000,,4257.860000,34.907000,44.270000,33.924000,4182.389000,4226.659000,4260.583000,156.000000,203.000000,,205.000000,False,SOFT,3.000000,True,Ferrari,4147.482000,,1,,False,,False,False
2026,7,Barcelona Grand Prix,FP3,4411.664000,LEC,16,leclerc,ferrari,,14.000000,5.000000,4303.274000,,79.246000,45.735000,25.974000,4340.129000,4385.690000,4411.787000,149.000000,209.000000,290.000000,147.000000,False,SOFT,4.000000,False,Ferrari,4260.583000,,1,,False,,False,False
2026,7,Barcelona Grand Prix,FP3,4488.424000,LEC,16,leclerc,ferrari,76.760000,15.000000,5.000000,,,22.566000,30.863000,23.331000,4434.230000,4465.093000,4488.424000,268.000000,296.000000,272.000000,326.000000,False,SOFT,5.000000,False,Ferrari,4411.664000,,1,,False,,False,True
2026,7,Barcelona Grand Prix,FP3,4612.312000,LEC,16,leclerc,ferrari,123.888000,16.000000,5.000000,,,33.509000,43.882000,46.497000,4521.933000,4565.815000,4612.312000,157.000000,147.000000,44.000000,198.000000,False,SOFT,6.000000,False,Ferrari,4488.424000,,1,,False,,False,True
2026,7,Barcelona Grand Prix,FP3,4733.764000,LEC,16,leclerc,ferrari,121.452000,17.000000,5.000000,,4730.957000,56.796000,32.810000,31.846000,4669.108000,4701.918000,4733.764000,250.000000,216.000000,,297.000000,False,SOFT,7.000000,False,Ferrari,4612.312000,,1,,False,,False,False
2026,7,Barcelona Grand Prix,FP3,2078.799000,STR,18,stroll,aston_martin,,1.000000,1.000000,1978.215000,,,39.200000,28.772000,,2050.250000,2078.933000,186.000000,234.000000,282.000000,180.000000,False,SOFT,1.000000,True,Aston Martin,1978.215000,,1,,False,,False,False
2026,7,Barcelona Grand Prix,FP3,2159.174000,STR,18,stroll,aston_martin,80.375000,2.000000,1.000000,,,23.442000,32.431000,24.502000,2102.241000,2134.672000,2159.174000,267.000000,284.000000,268.000000,321.000000,True,SOFT,2.000000,True,Aston Martin,2078.799000,,1,,False,,False,True
2026,7,Barcelona Grand Prix,FP3,2285.424000,STR,18,stroll,aston_martin,126.250000,3.000000,1.000000,,,37.703000,52.108000,36.439000,2196.877000,2248.985000,2285.424000,126.000000,135.000000,197.000000,219.000000,False,SOFT,3.000000,True,Aston Martin,2159.174000,,1,,False,,False,True
2026,7,Barcelona Grand Prix,FP3,2412.821000,STR,18,stroll,aston_martin,127.397000,4.000000,1.000000,,,41.744000,57.104000,28.549000,2327.168000,2384.272000,2412.821000,77.000000,191.000000,281.000000,233.000000,False,SOFT,4.000000,True,Aston Martin,2285.424000,,1,,False,,False,True
2026,7,Barcelona Grand Prix,FP3,2493.571000,STR,18,stroll,aston_martin,80.750000,5.000000,1.000000,,,23.539000,32.645000,24.566000,2436.360000,2469.005000,2493.571000,267.000000,272.000000,265.000000,321.000000,False,SOFT,5.000000,True,Aston Martin,2412.821000,,1,,False,,False,True
2026,7,Barcelona Grand Prix,FP3,2614.937000,STR,18,stroll,aston_martin,121.366000,6.000000,1.000000,,2611.994000,37.779000,46.014000,37.573000,2531.350000,2577.364000,2614.937000,133.000000,191.000000,,196.000000,False,SOFT,6.000000,True,Aston Martin,2493.571000,,1,,False,,False,False
2026,7,Barcelona Grand Prix,FP3,2742.036000,STR,18,stroll,aston_martin,127.099000,7.000000,2.000000,2636.763000,2739.073000,54.023000,37.212000,35.864000,2668.960000,2706.172000,2742.036000,185.000000,221.000000,,164.000000,False,SOFT,7.000000,False,Aston Martin,2614.937000,,1,,False,,False,False
2026,7,Barcelona Grand Prix,FP3,3486.452000,STR,18,stroll,aston_martin,,8.000000,3.000000,3383.117000,,,41.460000,29.385000,,3457.067000,3486.468000,126.000000,241.000000,281.000000,164.000000,False,SOFT,8.000000,False,Aston Martin,3383.117000,,1,,False,,False,False
2026,7,Barcelona Grand Prix,FP3,3567.293000,STR,18,stroll,aston_martin,80.841000,9.000000,3.000000,,,23.619000,32.629000,24.593000,3510.071000,3542.700000,3567.293000,268.000000,278.000000,270.000000,320.000000,False,SOFT,9.000000,False,Aston Martin,3486.452000,,1,,False,,False,True
2026,7,Barcelona Grand Prix,FP3,3663.772000,STR,18,stroll,aston_martin,96.479000,10.000000,3.000000,,3660.744000,27.152000,36.347000,32.980000,3594.445000,3630.792000,3663.772000,208.000000,211.000000,,270.000000,False,SOFT,10.000000,False,Aston Martin,3567.293000,,1,,False,,False,False
2026,7,Barcelona Grand Prix,FP3,3941.216000,STR,18,stroll,aston_martin,,11.000000,4.000000,3812.506000,,,46.842000,38.138000,,3903.355000,3941.470000,169.000000,246.000000,283.000000,168.000000,False,SOFT,1.000000,True,Aston Martin,3663.772000,,1,,False,,False,False
2026,7,Barcelona Grand Prix,FP3,4021.319000,STR,18,stroll,aston_martin,80.103000,12.000000,4.000000,,,23.290000,32.616000,24.197000,3964.506000,3997.122000,4021.319000,269.000000,284.000000,264.000000,324.000000,True,SOFT,2.000000,True,Aston Martin,3941.216000,,1,,False,,False,True
2026,7,Barcelona Grand Prix,FP3,4140.153000,STR,18,stroll,aston_martin,118.834000,13.000000,4.000000,,4137.420000,37.450000,43.744000,37.640000,4058.769000,4102.513000,4140.153000,90.000000,181.000000,,180.000000,False,SOFT,3.000000,True,Aston Martin,4021.319000,,1,,False,,False,False
2026,7,Barcelona Grand Prix,FP3,4388.902000,STR,18,stroll,aston_martin,,14.000000,5.000000,4271.927000,,,45.121000,29.855000,,4359.271000,4389.069000,194.000000,216.000000,284.000000,117.000000,False,SOFT,4.000000,False,Aston Martin,4140.153000,,1,,False,,False,False
2026,7,Barcelona Grand Prix,FP3,4469.196000,STR,18,stroll,aston_martin,80.294000,15.000000,5.000000,,,23.446000,32.550000,24.298000,4412.348000,4444.898000,4469.196000,275.000000,276.000000,267.000000,320.000000,False,SOFT,5.000000,False,Aston Martin,4388.902000,,1,,True,TRACK LIMITS AT TURN 13 LAP 16 ,False,True
2026,7,Barcelona Grand Prix,FP3,4564.926000,STR,18,stroll,aston_martin,95.730000,16.000000,5.000000,,,27.588000,35.804000,32.338000,4496.784000,4532.588000,4564.926000,224.000000,214.000000,172.000000,270.000000,False,SOFT,6.000000,False,Aston Martin,4469.196000,,1,,False,,False,True
2026,7,Barcelona Grand Prix,FP3,4683.898000,STR,18,stroll,aston_martin,118.972000,17.000000,5.000000,,4681.031000,54.090000,33.694000,31.188000,4619.016000,4652.710000,4683.898000,244.000000,272.000000,,272.000000,False,SOFT,7.000000,False,Aston Martin,4564.926000,,1,,False,,False,False
2026,7,Barcelona Grand Prix,FP3,2034.668000,ALB,23,albon,williams,,1.000000,1.000000,1932.772000,,,42.348000,27.455000,,2007.408000,2034.853000,198.000000,215.000000,298.000000,202.000000,False,SOFT,1.000000,True,Williams,1932.772000,,1,,False,,False,False
2026,7,Barcelona Grand Prix,FP3,2113.815000,ALB,23,albon,williams,79.147000,2.000000,1.000000,,,23.229000,31.910000,24.008000,2057.897000,2089.807000,2113.815000,275.000000,274.000000,293.000000,307.000000,True,SOFT,2.000000,True,Williams,2034.668000,,1,,False,,False,True
2026,7,Barcelona Grand Prix,FP3,2262.905000,ALB,23,albon,williams,149.090000,3.000000,1.000000,,2260.138000,55.837000,52.562000,40.691000,2169.652000,2222.214000,2262.905000,136.000000,159.000000,,73.000000,False,SOFT,3.000000,True,Williams,2113.815000,,1,,False,,False,False
2026,7,Barcelona Grand Prix,FP3,2428.261000,ALB,23,albon,williams,,4.000000,2.000000,2288.213000,,75.113000,61.431000,28.680000,2338.248000,2399.719000,2428.296000,163.000000,130.000000,297.000000,96.000000,False,SOFT,4.000000,False,Williams,2262.905000,,1,,False,,False,False
2026,7,Barcelona Grand Prix,FP3,2525.047000,ALB,23,albon,williams,96.786000,5.000000,2.000000,,2522.000000,23.309000,35.750000,37.727000,2451.570000,2487.320000,2525.047000,271.000000,126.000000,,318.000000,False,SOFT,5.000000,False,Williams,2428.261000,,1,,False,,False,False
2026,7,Barcelona Grand Prix,FP3,3361.332000,ALB,23,albon,williams,,6.000000,3.000000,3221.216000,,,43.253000,31.315000,,3330.162000,3361.429000,192.000000,217.000000,295.000000,63.000000,False,SOFT,6.000000,False,Williams,3221.216000,,1,,False,,False,False
2026,7,Barcelona Grand Prix,FP3,3440.498000,ALB,23,albon,williams,79.166000,7.000000,3.000000,,,23.285000,31.994000,23.887000,3384.617000,3416.611000,3440.498000,274.000000,276.000000,287.000000,314.000000,False,SOFT,7.000000,False,Williams,3361.332000,,1,,False,,False,True
2026,7,Barcelona Grand Prix,FP3,3557.389000,ALB,23,albon,williams,116.891000,8.000000,3.000000,,3554.187000,33.565000,47.091000,36.235000,3474.063000,3521.154000,3557.389000,170.000000,145.000000,,230.000000,False,SOFT,8.000000,False,Williams,3440.498000,,1,,False,,False,False
2026,7,Barcelona Grand Prix,FP3,3888.980000,ALB,23,albon,williams,,9.000000,4.000000,3768.748000,,,42.449000,27.945000,,3861.236000,3888.980000,217.000000,235.000000,296.000000,119.000000,False,SOFT,1.000000,True,Williams,3557.389000,,1,,False,,False,False
2026,7,Barcelona Grand Prix,FP3,3991.695000,ALB,23,albon,williams,102.715000,10.000000,4.000000,,3988.532000,22.823000,37.376000,42.516000,3911.803000,3949.179000,3991.695000,280.000000,100.000000,,322.000000,False,SOFT,2.000000,True,Williams,3888.980000,,1,,False,,False,False
2026,7,Barcelona Grand Prix,FP3,4286.362000,ALB,23,albon,williams,,11.000000,5.000000,4172.186000,,,43.849000,28.953000,,4257.595000,4286.473000,205.000000,228.000000,295.000000,130.000000,False,SOFT,3.000000,False,Williams,3991.695000,,1,,False,,False,False
2026,7,Barcelona Grand Prix,FP3,4364.774000,ALB,23,albon,williams,78.412000,12.000000,5.000000,,,23.045000,31.705000,23.662000,4309.407000,4341.112000,4364.774000,274.000000,285.000000,290.000000,322.000000,True,SOFT,4.000000,False,Williams,4286.362000,,1,,False,,False,True
2026,7,Barcelona Grand Prix,FP3,4483.639000,ALB,23,albon,williams,118.865000,13.000000,5.000000,,,37.123000,46.196000,35.546000,4401.897000,4448.093000,4483.639000,167.000000,162.000000,198.000000,205.000000,False,SOFT,5.000000,False,Williams,4364.774000,,1,,False,,False,True
2026,7,Barcelona Grand Prix,FP3,4620.151000,ALB,23,albon,williams,136.512000,14.000000,5.000000,,,37.197000,47.454000,51.861000,4520.836000,4568.290000,4620.151000,173.000000,144.000000,57.000000,184.000000,False,SOFT,6.000000,False,Williams,4483.639000,,1,,False,,False,True
2026,7,Barcelona Grand Prix,FP3,4731.987000,ALB,23,albon,williams,111.836000,15.000000,5.000000,,4728.995000,48.258000,32.746000,30.832000,4668.409000,4701.155000,4731.987000,259.000000,265.000000,,254.000000,False,SOFT,7.000000,False,Williams,4620.151000,,1,,False,,False,False
2026,7,Barcelona Grand Prix,FP3,1548.136000,HUL,27,hulkenberg,audi,,1.000000,1.000000,1450.083000,,,39.067000,28.091000,,1520.288000,1548.173000,169.000000,205.000000,284.000000,227.000000,False,MEDIUM,1.000000,True,Audi,1450.083000,,1,,False,,False,False
2026,7,Barcelona Grand Prix,FP3,1626.613000,HUL,27,hulkenberg,audi,78.477000,2.000000,1.000000,,,22.974000,31.737000,23.766000,1571.110000,1602.847000,1626.613000,266.000000,273.000000,279.000000,328.000000,True,MEDIUM,2.000000,True,Audi,1548.136000,,1,,False,,False,True
2026,7,Barcelona Grand Prix,FP3,1748.640000,HUL,27,hulkenberg,audi,122.027000,3.000000,1.000000,,1745.751000,35.121000,47.840000,39.066000,1661.734000,1709.574000,1748.640000,140.000000,148.000000,,198.000000,False,MEDIUM,3.000000,True,Audi,1626.613000,,1,,False,,False,False
2026,7,Barcelona Grand Prix,FP3,1973.140000,HUL,27,hulkenberg,audi,,4.000000,2.000000,1847.482000,,,40.963000,28.390000,,1945.059000,1973.244000,155.000000,224.000000,284.000000,166.000000,False,MEDIUM,4.000000,False,Audi,1748.640000,,1,,False,,False,False
2026,7,Barcelona Grand Prix,FP3,2051.395000,HUL,27,hulkenberg,audi,78.255000,5.000000,2.000000,,,22.938000,31.756000,23.561000,1996.078000,2027.834000,2051.395000,271.000000,273.000000,279.000000,325.000000,True,MEDIUM,5.000000,False,Audi,1973.140000,,1,,False,,False,True
2026,7,Barcelona Grand Prix,FP3,2173.207000,HUL,27,hulkenberg,audi,121.812000,6.000000,2.000000,,2170.255000,34.829000,49.583000,37.400000,2086.224000,2135.807000,2173.207000,149.000000,134.000000,,206.000000,False,MEDIUM,6.000000,False,Audi,2051.395000,,1,,False,,False,False
2026,7,Barcelona Grand Prix,FP3,2421.339000,HUL,27,hulkenberg,audi,,7.000000,3.000000,2284.090000,,,48.514000,30.669000,,2390.792000,2421.468000,140.000000,221.000000,287.000000,169.000000,False,MEDIUM,7.000000,False,Audi,2173.207000,,1,,False,,False,False
2026,7,Barcelona Grand Prix,FP3,2499.880000,HUL,27,hulkenberg,audi,78.541000,8.000000,3.000000,,,23.003000,31.845000,23.693000,2444.342000,2476.187000,2499.880000,277.000000,280.000000,276.000000,329.000000,False,MEDIUM,8.000000,False,Audi,2421.339000,,1,,False,,False,True
2026,7,Barcelona Grand Prix,FP3,2604.732000,HUL,27,hulkenberg,audi,104.852000,9.000000,3.000000,,,33.491000,42.374000,28.987000,2533.371000,2575.745000,2604.732000,158.000000,184.000000,301.000000,219.000000,False,MEDIUM,9.000000,False,Audi,2499.880000,,1,,False,,False,True
2026,7,Barcelona Grand Prix,FP3,2685.144000,HUL,27,hulkenberg,audi,80.412000,10.000000,3.000000,,,22.999000,32.804000,24.609000,2627.731000,2660.535000,2685.144000,264.000000,253.000000,299.000000,330.000000,False,MEDIUM,10.000000,False,Audi,2604.732000,,1,,False,,False,True
2026,7,Barcelona Grand Prix,FP3,2766.294000,HUL,27,hulkenberg,audi,81.150000,11.000000,3.000000,,,23.547000,33.078000,24.525000,2708.691000,2741.769000,2766.294000,260.000000,263.000000,299.000000,320.000000,False,MEDIUM,11.000000,False,Audi,2685.144000,,1,,False,,False,True
2026,7,Barcelona Grand Prix,FP3,2847.118000,HUL,27,hulkenberg,audi,80.824000,12.000000,3.000000,,,23.631000,32.524000,24.669000,2789.925000,2822.449000,2847.118000,260.000000,266.000000,298.000000,320.000000,False,MEDIUM,12.000000,False,Audi,2766.294000,,1,,False,,False,True
2026,7,Barcelona Grand Prix,FP3,3569.300000,HUL,27,hulkenberg,audi,,13.000000,3.000000,,2941.965000,23.643000,,,2870.978000,,,259.000000,,,318.000000,False,MEDIUM,13.000000,False,Audi,2847.118000,,125,,False,,False,False
2026,7,Barcelona Grand Prix,FP3,3678.399000,HUL,27,hulkenberg,audi,,14.000000,4.000000,3569.300000,,,45.890000,29.769000,,3648.825000,3678.550000,172.000000,202.000000,284.000000,198.000000,False,SOFT,1.000000,True,Audi,3569.300000,,1,,False,,False,False
2026,7,Barcelona Grand Prix,FP3,3755.360000,HUL,27,hulkenberg,audi,76.961000,15.000000,4.000000,,,22.550000,31.253000,23.158000,3700.949000,3732.202000,3755.360000,278.000000,281.000000,283.000000,330.000000,True,SOFT,2.000000,True,Audi,3678.399000,,1,,False,,False,True
2026,7,Barcelona Grand Prix,FP3,3874.716000,HUL,27,hulkenberg,audi,119.356000,16.000000,4.000000,,3871.892000,34.561000,47.017000,37.778000,3789.921000,3836.938000,3874.716000,156.000000,166.000000,,200.000000,False,SOFT,3.000000,True,Audi,3755.360000,,1,,False,,False,False
2026,7,Barcelona Grand Prix,FP3,4083.046000,HUL,27,hulkenberg,audi,,17.000000,5.000000,3968.404000,,,45.598000,29.467000,,4053.703000,4083.147000,146.000000,224.000000,288.000000,123.000000,False,SOFT,4.000000,False,Audi,3874.716000,,1,,False,,False,False
2026,7,Barcelona Grand Prix,FP3,4160.062000,HUL,27,hulkenberg,audi,77.016000,18.000000,5.000000,,,22.456000,31.262000,23.298000,4105.502000,4136.764000,4160.062000,282.000000,283.000000,282.000000,330.000000,False,SOFT,5.000000,False,Audi,4083.046000,,1,,False,,False,True
2026,7,Barcelona Grand Prix,FP3,4249.708000,HUL,27,hulkenberg,audi,89.646000,19.000000,5.000000,,4246.739000,25.393000,34.809000,29.444000,4185.455000,4220.264000,4249.708000,240.000000,247.000000,,250.000000,False,SOFT,6.000000,False,Audi,4160.062000,,1,,False,,False,False
2026,7,Barcelona Grand Prix,FP3,4498.362000,HUL,27,hulkenberg,audi,,20.000000,6.000000,4392.595000,,,42.916000,28.265000,,4470.212000,4498.523000,182.000000,209.000000,256.000000,188.000000,False,SOFT,7.000000,False,Audi,4249.708000,,1,,False,,False,False
2026,7,Barcelona Grand Prix,FP3,4617.947000,HUL,27,hulkenberg,audi,119.585000,21.000000,6.000000,,,28.714000,41.036000,49.835000,4527.076000,4568.112000,4617.947000,199.000000,204.000000,54.000000,287.000000,False,SOFT,8.000000,False,Audi,4498.362000,,1,,False,,False,True
2026,7,Barcelona Grand Prix,FP3,4744.109000,HUL,27,hulkenberg,audi,126.162000,22.000000,6.000000,,4741.203000,61.004000,35.790000,29.368000,4678.951000,4714.741000,4744.109000,206.000000,224.000000,,281.000000,False,SOFT,9.000000,False,Audi,4617.947000,,1,,False,,False,False
2026,7,Barcelona Grand Prix,FP3,2291.335000,LAW,30,lawson,rb,,1.000000,1.000000,2176.443000,,,45.038000,34.183000,,2257.411000,2291.369000,189.000000,191.000000,281.000000,145.000000,False,SOFT,1.000000,True,Racing Bulls,2176.443000,,1,,False,,False,False
2026,7,Barcelona Grand Prix,FP3,2408.166000,LAW,30,lawson,rb,116.831000,2.000000,1.000000,,,33.643000,51.536000,31.652000,2324.978000,2376.514000,2408.166000,92.000000,190.000000,277.000000,329.000000,True,SOFT,2.000000,True,Racing Bulls,2291.335000,,1,,False,,False,True
2026,7,Barcelona Grand Prix,FP3,2485.764000,LAW,30,lawson,rb,77.598000,3.000000,1.000000,,,22.800000,31.196000,23.602000,2430.966000,2462.162000,2485.764000,273.000000,286.000000,272.000000,330.000000,True,SOFT,3.000000,True,Racing Bulls,2408.166000,,1,,False,,False,True
2026,7,Barcelona Grand Prix,FP3,2596.133000,LAW,30,lawson,rb,110.369000,4.000000,1.000000,,2593.287000,32.137000,43.303000,34.929000,2517.901000,2561.204000,2596.133000,165.000000,182.000000,,219.000000,False,SOFT,4.000000,True,Racing Bulls,2485.764000,,1,,False,,False,False
2026,7,Barcelona Grand Prix,FP3,3355.812000,LAW,30,lawson,rb,,5.000000,2.000000,3217.198000,,,45.723000,33.654000,,3322.399000,3355.944000,174.000000,201.000000,287.000000,90.000000,False,SOFT,5.000000,False,Racing Bulls,3217.198000,,1,,False,,False,False
2026,7,Barcelona Grand Prix,FP3,3433.519000,LAW,30,lawson,rb,77.707000,6.000000,2.000000,,,22.829000,31.237000,23.641000,3378.641000,3409.878000,3433.519000,279.000000,290.000000,271.000000,326.000000,False,SOFT,6.000000,False,Racing Bulls,3355.812000,,1,,False,,False,True
2026,7,Barcelona Grand Prix,FP3,3528.361000,LAW,30,lawson,rb,94.842000,7.000000,2.000000,,3525.502000,27.139000,35.135000,32.568000,3460.658000,3495.793000,3528.361000,215.000000,221.000000,,285.000000,False,SOFT,7.000000,False,Racing Bulls,3433.519000,,1,,False,,False,False
2026,7,Barcelona Grand Prix,FP3,3873.119000,LAW,30,lawson,rb,,8.000000,3.000000,3759.735000,,,42.017000,29.905000,,3843.345000,3873.158000,165.000000,210.000000,291.000000,142.000000,False,SOFT,1.000000,True,Racing Bulls,3528.361000,,1,,False,,False,False
2026,7,Barcelona Grand Prix,FP3,3950.443000,LAW,30,lawson,rb,77.324000,9.000000,3.000000,,,22.559000,31.166000,23.599000,3895.678000,3926.844000,3950.443000,278.000000,282.000000,281.000000,328.000000,True,SOFT,2.000000,True,Racing Bulls,3873.119000,,1,,False,,False,True
2026,7,Barcelona Grand Prix,FP3,4061.378000,LAW,30,lawson,rb,110.935000,10.000000,3.000000,,4058.508000,33.632000,41.058000,36.245000,3984.075000,4025.133000,4061.378000,159.000000,191.000000,,186.000000,False,SOFT,3.000000,True,Racing Bulls,3950.443000,,1,,False,,False,False
2026,7,Barcelona Grand Prix,FP3,4301.960000,LAW,30,lawson,rb,,11.000000,4.000000,4177.326000,,,47.726000,31.007000,,4271.068000,4301.977000,177.000000,221.000000,286.000000,94.000000,False,SOFT,4.000000,False,Racing Bulls,4061.378000,,1,,False,,False,False
2026,7,Barcelona Grand Prix,FP3,4393.292000,LAW,30,lawson,rb,91.332000,12.000000,4.000000,,4390.125000,22.763000,31.091000,37.478000,4324.723000,4355.814000,4393.292000,279.000000,291.000000,,329.000000,False,SOFT,5.000000,False,Racing Bulls,4301.960000,,1,,False,,False,False
2026,7,Barcelona Grand Prix,FP3,4509.031000,LAW,30,lawson,rb,115.739000,13.000000,5.000000,4407.216000,,45.357000,39.901000,30.481000,4438.649000,4478.550000,4509.031000,184.000000,150.000000,234.000000,184.000000,False,SOFT,6.000000,False,Racing Bulls,4393.292000,,1,,False,,False,False
2026,7,Barcelona Grand Prix,FP3,4630.562000,LAW,30,lawson,rb,121.531000,14.000000,5.000000,,,28.515000,44.772000,48.244000,4537.546000,4582.318000,4630.562000,187.000000,173.000000,31.000000,259.000000,False,SOFT,7.000000,False,Racing Bulls,4509.031000,,1,,False,,False,True
2026,7,Barcelona Grand Prix,FP3,4760.521000,LAW,30,lawson,rb,129.959000,15.000000,5.000000,,4757.752000,62.540000,37.969000,29.450000,4693.102000,4731.071000,4760.521000,179.000000,207.000000,,299.000000,False,SOFT,8.000000,False,Racing Bulls,4630.562000,,1,,False,,False,False
2026,7,Barcelona Grand Prix,FP3,2070.842000,OCO,31,ocon,haas,,1.000000,1.000000,1953.784000,,,44.601000,28.407000,,2042.684000,2071.035000,167.000000,206.000000,288.000000,95.000000,False,SOFT,1.000000,True,Haas F1 Team,1953.784000,,1,,False,,False,False
2026,7,Barcelona Grand Prix,FP3,2149.487000,OCO,31,ocon,haas,78.645000,2.000000,1.000000,,,22.838000,31.823000,23.984000,2093.680000,2125.503000,2149.487000,271.000000,273.000000,286.000000,333.000000,True,SOFT,2.000000,True,Haas F1 Team,2070.842000,,1,,False,,False,True
2026,7,Barcelona Grand Prix,FP3,2281.136000,OCO,31,ocon,haas,131.649000,3.000000,1.000000,,2278.435000,34.095000,53.183000,44.371000,2183.582000,2236.765000,2281.136000,137.000000,122.000000,,262.000000,False,SOFT,3.000000,True,Haas F1 Team,2149.487000,,1,,False,,False,False
2026,7,Barcelona Grand Prix,FP3,2777.349000,OCO,31,ocon,haas,,4.000000,2.000000,2663.041000,,,46.711000,31.032000,,2746.326000,2777.349000,172.000000,187.000000,288.000000,151.000000,False,SOFT,4.000000,False,Haas F1 Team,2281.136000,,1,,False,,False,False
2026,7,Barcelona Grand Prix,FP3,2856.506000,OCO,31,ocon,haas,79.157000,5.000000,2.000000,,,23.045000,32.010000,24.102000,2800.394000,2832.404000,2856.506000,270.000000,286.000000,285.000000,332.000000,False,SOFT,5.000000,False,Haas F1 Team,2777.349000,,1,,False,,False,True
2026,7,Barcelona Grand Prix,FP3,3322.840000,OCO,31,ocon,haas,,6.000000,2.000000,,2986.247000,35.625000,,,2892.260000,,,88.000000,,,216.000000,False,SOFT,6.000000,False,Haas F1 Team,2856.506000,,125,,False,,False,False
2026,7,Barcelona Grand Prix,FP3,3422.976000,OCO,31,ocon,haas,,7.000000,3.000000,3322.840000,3420.101000,,39.205000,30.823000,,3392.257000,3422.986000,202.000000,229.000000,,186.000000,False,SOFT,7.000000,False,Haas F1 Team,3322.840000,,1,,False,,False,False
2026,7,Barcelona Grand Prix,FP3,3552.296000,OCO,31,ocon,haas,129.320000,8.000000,4.000000,3437.100000,3549.405000,61.863000,36.279000,31.178000,3484.839000,3521.118000,3552.296000,227.000000,196.000000,,233.000000,False,SOFT,8.000000,False,Haas F1 Team,3422.976000,,1,,False,,False,False
2026,7,Barcelona Grand Prix,FP3,3903.495000,OCO,31,ocon,haas,,9.000000,5.000000,3780.969000,,,44.913000,27.954000,,3875.845000,3903.621000,170.000000,225.000000,257.000000,107.000000,False,SOFT,2.000000,False,Haas F1 Team,3552.296000,,1,,False,,False,False
2026,7,Barcelona Grand Prix,FP3,4035.848000,OCO,31,ocon,haas,132.353000,10.000000,5.000000,,,40.433000,53.971000,37.949000,3943.928000,3997.899000,4035.848000,116.000000,79.000000,288.000000,199.000000,False,SOFT,3.000000,False,Haas F1 Team,3903.495000,,1,,False,,False,True
2026,7,Barcelona Grand Prix,FP3,4113.888000,OCO,31,ocon,haas,78.040000,11.000000,5.000000,,,22.907000,31.491000,23.642000,4058.755000,4090.246000,4113.888000,275.000000,286.000000,279.000000,334.000000,True,SOFT,4.000000,False,Haas F1 Team,4035.848000,,1,,False,,False,True
2026,7,Barcelona Grand Prix,FP3,4230.107000,OCO,31,ocon,haas,116.219000,12.000000,5.000000,,4227.351000,33.680000,44.803000,37.736000,4147.568000,4192.371000,4230.107000,152.000000,179.000000,,199.000000,False,SOFT,5.000000,False,Haas F1 Team,4113.888000,,1,,False,,False,False
2026,7,Barcelona Grand Prix,FP3,4508.855000,OCO,31,ocon,haas,,13.000000,6.000000,4397.095000,,,45.165000,33.043000,,4475.948000,4508.912000,174.000000,162.000000,181.000000,172.000000,False,SOFT,5.000000,False,Haas F1 Team,4230.107000,,1,,False,,False,False
2026,7,Barcelona Grand Prix,FP3,4637.277000,OCO,31,ocon,haas,128.422000,14.000000,6.000000,,,36.998000,44.681000,46.743000,4545.853000,4590.534000,4637.277000,153.000000,152.000000,30.000000,192.000000,False,SOFT,6.000000,False,Haas F1 Team,4508.855000,,1,,False,,False,True
2026,7,Barcelona Grand Prix,FP3,4785.869000,OCO,31,ocon,haas,148.592000,15.000000,6.000000,,4783.134000,67.418000,46.877000,34.297000,4704.695000,4751.572000,4785.869000,215.000000,114.000000,,299.000000,False,SOFT,7.000000,False,Haas F1 Team,4637.277000,,12,,False,,False,False
2026,7,Barcelona Grand Prix,FP3,2298.883000,LIN,41,arvid_lindblad,rb,,1.000000,1.000000,2183.470000,,,41.519000,37.095000,,2261.950000,2298.916000,96.000000,152.000000,284.000000,138.000000,False,SOFT,1.000000,True,Racing Bulls,2183.470000,,1,,False,,False,False
2026,7,Barcelona Grand Prix,FP3,2376.318000,LIN,41,arvid_lindblad,rb,77.435000,2.000000,1.000000,,,22.682000,31.289000,23.464000,2321.565000,2352.854000,2376.318000,278.000000,284.000000,276.000000,326.000000,True,SOFT,2.000000,True,Racing Bulls,2298.883000,,1,,False,,False,True
2026,7,Barcelona Grand Prix,FP3,2490.375000,LIN,41,arvid_lindblad,rb,114.057000,3.000000,1.000000,,2487.638000,32.248000,46.544000,35.265000,2408.566000,2455.110000,2490.375000,159.000000,180.000000,,276.000000,False,SOFT,3.000000,True,Racing Bulls,2376.318000,,1,,False,,False,False
2026,7,Barcelona Grand Prix,FP3,2895.485000,LIN,41,arvid_lindblad,rb,,4.000000,2.000000,2777.200000,,,45.572000,36.685000,,2858.975000,2895.485000,163.000000,223.000000,249.000000,152.000000,False,SOFT,4.000000,False,Racing Bulls,2490.375000,,12,,False,,False,False
2026,7,Barcelona Grand Prix,FP3,3206.740000,LIN,41,arvid_lindblad,rb,,5.000000,2.000000,,3022.624000,,,,,,,,,,,False,SOFT,5.000000,False,Racing Bulls,2895.485000,,251,,False,,False,False
2026,7,Barcelona Grand Prix,FP3,3321.881000,LIN,41,arvid_lindblad,rb,,6.000000,3.000000,3206.740000,,,42.173000,28.210000,,3293.886000,3322.071000,188.000000,214.000000,287.000000,128.000000,False,SOFT,6.000000,False,Racing Bulls,3206.740000,,1,,False,,False,False
2026,7,Barcelona Grand Prix,FP3,3399.431000,LIN,41,arvid_lindblad,rb,77.550000,7.000000,3.000000,,,22.713000,31.344000,23.493000,3344.594000,3375.938000,3399.431000,280.000000,282.000000,276.000000,326.000000,False,SOFT,7.000000,False,Racing Bulls,3321.881000,,1,,False,,False,True
2026,7,Barcelona Grand Prix,FP3,3492.968000,LIN,41,arvid_lindblad,rb,93.537000,8.000000,3.000000,,3490.296000,24.345000,35.243000,33.949000,3423.776000,3459.019000,3492.968000,258.000000,222.000000,,297.000000,False,SOFT,8.000000,False,Racing Bulls,3399.431000,,1,,False,,False,False
2026,7,Barcelona Grand Prix,FP3,3852.410000,LIN,41,arvid_lindblad,rb,,9.000000,4.000000,3736.682000,,,41.794000,33.922000,,3818.800000,3852.564000,184.000000,221.000000,284.000000,91.000000,False,SOFT,1.000000,True,Racing Bulls,3492.968000,,1,,False,,False,False
2026,7,Barcelona Grand Prix,FP3,3929.430000,LIN,41,arvid_lindblad,rb,77.020000,10.000000,4.000000,,,22.579000,31.050000,23.391000,3874.989000,3906.039000,3929.430000,279.000000,289.000000,280.000000,324.000000,True,SOFT,2.000000,True,Racing Bulls,3852.410000,,1,,False,,False,True
2026,7,Barcelona Grand Prix,FP3,4043.193000,LIN,41,arvid_lindblad,rb,113.763000,11.000000,4.000000,,4040.420000,29.763000,49.672000,34.328000,3959.193000,4008.865000,4043.193000,168.000000,191.000000,,294.000000,False,SOFT,3.000000,True,Racing Bulls,3929.430000,,1,,False,,False,False
2026,7,Barcelona Grand Prix,FP3,4278.912000,LIN,41,arvid_lindblad,rb,,12.000000,5.000000,4167.639000,,,45.264000,29.415000,,4249.708000,4278.943000,161.000000,174.000000,287.000000,153.000000,False,SOFT,4.000000,False,Racing Bulls,4043.193000,,1,,False,,False,False
2026,7,Barcelona Grand Prix,FP3,4356.552000,LIN,41,arvid_lindblad,rb,77.640000,13.000000,5.000000,,,22.915000,31.217000,23.508000,4301.827000,4333.044000,4356.552000,275.000000,291.000000,271.000000,326.000000,False,SOFT,5.000000,False,Racing Bulls,4278.912000,,1,,False,,False,True
2026,7,Barcelona Grand Prix,FP3,4468.201000,LIN,41,arvid_lindblad,rb,111.649000,14.000000,5.000000,,,31.304000,48.608000,31.737000,4387.856000,4436.464000,4468.201000,152.000000,96.000000,202.000000,199.000000,False,SOFT,6.000000,False,Racing Bulls,4356.552000,,1,,False,,False,True
2026,7,Barcelona Grand Prix,FP3,4591.806000,LIN,41,arvid_lindblad,rb,123.605000,15.000000,5.000000,,,33.760000,46.149000,43.696000,4501.961000,4548.110000,4591.806000,146.000000,138.000000,37.000000,265.000000,False,SOFT,7.000000,False,Racing Bulls,4468.201000,,1,,False,,False,True
2026,7,Barcelona Grand Prix,FP3,4716.147000,LIN,41,arvid_lindblad,rb,124.341000,16.000000,5.000000,,4713.290000,57.269000,35.835000,31.237000,4649.075000,4684.910000,4716.147000,194.000000,199.000000,,291.000000,False,SOFT,8.000000,False,Racing Bulls,4591.806000,,1,,False,,False,False
2026,7,Barcelona Grand Prix,FP3,2198.380000,COL,43,colapinto,alpine,,1.000000,1.000000,2088.286000,,,43.134000,27.551000,,2171.006000,2198.532000,83.000000,230.000000,290.000000,120.000000,False,SOFT,1.000000,True,Alpine,2088.286000,,1,,False,,False,False
2026,7,Barcelona Grand Prix,FP3,2276.966000,COL,43,colapinto,alpine,78.586000,2.000000,1.000000,,,22.894000,31.815000,23.877000,2221.274000,2253.089000,2276.966000,272.000000,279.000000,283.000000,327.000000,True,SOFT,2.000000,True,Alpine,2198.380000,,1,,False,,False,True
2026,7,Barcelona Grand Prix,FP3,2421.282000,COL,43,colapinto,alpine,144.316000,3.000000,1.000000,,2418.255000,42.758000,59.583000,41.975000,2319.724000,2379.307000,2421.282000,100.000000,150.000000,,174.000000,False,SOFT,3.000000,True,Alpine,2276.966000,,1,,False,,False,False
2026,7,Barcelona Grand Prix,FP3,3208.599000,COL,43,colapinto,alpine,,4.000000,2.000000,2834.540000,2969.918000,,,,,,,179.000000,,,118.000000,False,SOFT,4.000000,False,Alpine,2421.282000,,125,,False,,False,False
2026,7,Barcelona Grand Prix,FP3,3332.734000,COL,43,colapinto,alpine,,5.000000,3.000000,3208.599000,,,42.279000,29.394000,,3303.513000,3332.853000,179.000000,225.000000,281.000000,117.000000,False,SOFT,5.000000,False,Alpine,3208.599000,,1,,False,,False,False
2026,7,Barcelona Grand Prix,FP3,3411.732000,COL,43,colapinto,alpine,78.998000,6.000000,3.000000,,,22.970000,32.034000,23.994000,3355.704000,3387.738000,3411.732000,272.000000,274.000000,282.000000,329.000000,False,SOFT,6.000000,False,Alpine,3332.734000,,1,,False,,False,True
2026,7,Barcelona Grand Prix,FP3,3518.906000,COL,43,colapinto,alpine,107.174000,7.000000,3.000000,,3516.024000,30.820000,43.747000,32.607000,3442.552000,3486.299000,3518.906000,200.000000,235.000000,,201.000000,False,SOFT,7.000000,False,Alpine,3411.732000,,1,,False,,False,False
2026,7,Barcelona Grand Prix,FP3,3814.808000,COL,43,colapinto,alpine,,8.000000,4.000000,3709.149000,,,42.348000,27.718000,,3787.380000,3814.888000,186.000000,229.000000,286.000000,130.000000,False,SOFT,1.000000,True,Alpine,3518.906000,,1,,False,,False,False
2026,7,Barcelona Grand Prix,FP3,3892.433000,COL,43,colapinto,alpine,77.625000,9.000000,4.000000,,,22.624000,31.467000,23.534000,3837.432000,3868.899000,3892.433000,271.000000,284.000000,284.000000,329.000000,True,SOFT,2.000000,True,Alpine,3814.808000,,1,,False,,False,True
2026,7,Barcelona Grand Prix,FP3,4016.798000,COL,43,colapinto,alpine,124.365000,10.000000,4.000000,,4014.032000,37.896000,50.716000,35.753000,3930.329000,3981.045000,4016.798000,107.000000,198.000000,,173.000000,False,SOFT,3.000000,True,Alpine,3892.433000,,1,,False,,False,False
2026,7,Barcelona Grand Prix,FP3,4398.737000,COL,43,colapinto,alpine,,11.000000,5.000000,4265.568000,,,59.312000,29.800000,,4368.984000,4398.850000,111.000000,171.000000,283.000000,129.000000,False,SOFT,4.000000,False,Alpine,4016.798000,,1,,False,,False,False
2026,7,Barcelona Grand Prix,FP3,4479.109000,COL,43,colapinto,alpine,80.372000,12.000000,5.000000,,,23.105000,31.880000,25.387000,4421.842000,4453.722000,4479.109000,266.000000,277.000000,178.000000,325.000000,False,SOFT,5.000000,False,Alpine,4398.737000,,1,,False,,False,True
2026,7,Barcelona Grand Prix,FP3,4601.187000,COL,43,colapinto,alpine,122.078000,13.000000,5.000000,,,36.788000,42.331000,42.959000,4515.897000,4558.228000,4601.187000,157.000000,229.000000,66.000000,187.000000,False,SOFT,6.000000,False,Alpine,4479.109000,,1,,False,,False,True
2026,7,Barcelona Grand Prix,FP3,4722.251000,COL,43,colapinto,alpine,121.064000,14.000000,5.000000,,4719.471000,54.334000,33.779000,32.951000,4655.521000,4689.300000,4722.251000,240.000000,238.000000,,297.000000,False,SOFT,7.000000,False,Alpine,4601.187000,,1,,False,,False,False
2026,7,Barcelona Grand Prix,FP3,2548.564000,HAM,44,hamilton,ferrari,,1.000000,1.000000,2433.118000,,,48.112000,29.833000,,2518.976000,2548.702000,174.000000,185.000000,284.000000,145.000000,False,SOFT,1.000000,True,Ferrari,2433.118000,,1,,False,,False,False
2026,7,Barcelona Grand Prix,FP3,2655.404000,HAM,44,hamilton,ferrari,106.840000,2.000000,1.000000,,,28.516000,50.233000,28.091000,2577.080000,2627.313000,2655.404000,143.000000,194.000000,285.000000,322.000000,True,SOFT,2.000000,True,Ferrari,2548.564000,,1,,False,,False,True
2026,7,Barcelona Grand Prix,FP3,2732.535000,HAM,44,hamilton,ferrari,77.131000,3.000000,1.000000,,,22.717000,31.111000,23.303000,2678.121000,2709.232000,2732.535000,266.000000,282.000000,272.000000,319.000000,True,SOFT,3.000000,True,Ferrari,2655.404000,,1,,False,,False,True
2026,7,Barcelona Grand Prix,FP3,2884.604000,HAM,44,hamilton,ferrari,,4.000000,1.000000,,2881.874000,46.662000,61.393000,44.030000,2779.466000,2840.837000,2884.604000,108.000000,145.000000,,159.000000,False,SOFT,4.000000,True,Ferrari,2732.535000,,1,,False,,False,False
2026,7,Barcelona Grand Prix,FP3,3393.309000,HAM,44,hamilton,ferrari,,5.000000,2.000000,3272.993000,,,46.094000,30.033000,,3363.366000,3393.344000,197.000000,209.000000,288.000000,178.000000,False,SOFT,5.000000,False,Ferrari,3272.993000,,1,,False,,False,False
2026,7,Barcelona Grand Prix,FP3,3470.702000,HAM,44,hamilton,ferrari,77.393000,6.000000,2.000000,,,22.809000,31.069000,23.515000,3416.118000,3447.187000,3470.702000,271.000000,296.000000,267.000000,327.000000,False,SOFT,6.000000,False,Ferrari,3393.309000,,1,,False,,False,True
2026,7,Barcelona Grand Prix,FP3,3559.241000,HAM,44,hamilton,ferrari,88.539000,7.000000,2.000000,,3556.483000,25.260000,33.523000,29.756000,3495.962000,3529.485000,3559.241000,241.000000,227.000000,,285.000000,False,SOFT,7.000000,False,Ferrari,3470.702000,,1,,False,,False,False
2026,7,Barcelona Grand Prix,FP3,3860.756000,HAM,44,hamilton,ferrari,,8.000000,3.000000,3753.502000,,,44.629000,28.391000,,3832.495000,3860.876000,196.000000,209.000000,290.000000,156.000000,False,SOFT,1.000000,True,Ferrari,3559.241000,,1,,False,,False,False
2026,7,Barcelona Grand Prix,FP3,3937.137000,HAM,44,hamilton,ferrari,76.381000,9.000000,3.000000,,,22.474000,30.806000,23.101000,3883.230000,3914.036000,3937.137000,270.000000,292.000000,276.000000,327.000000,True,SOFT,2.000000,True,Ferrari,3860.756000,,1,,False,,False,True
2026,7,Barcelona Grand Prix,FP3,4092.045000,HAM,44,hamilton,ferrari,,10.000000,3.000000,,4089.201000,43.403000,61.388000,50.110000,3980.700000,4042.171000,4092.045000,133.000000,128.000000,,200.000000,False,SOFT,3.000000,True,Ferrari,3937.137000,,1,,False,,False,False
2026,7,Barcelona Grand Prix,FP3,4257.212000,HAM,44,hamilton,ferrari,,11.000000,4.000000,4120.935000,,87.711000,48.042000,29.447000,4179.889000,4228.044000,4257.313000,132.000000,186.000000,290.000000,177.000000,False,SOFT,4.000000,False,Ferrari,4092.045000,,1,,False,,False,False
2026,7,Barcelona Grand Prix,FP3,4334.176000,HAM,44,hamilton,ferrari,76.964000,12.000000,4.000000,,,22.784000,30.947000,23.233000,4279.996000,4310.943000,4334.176000,262.000000,295.000000,274.000000,324.000000,False,SOFT,5.000000,False,Ferrari,4257.212000,,1,,False,,False,True
2026,7,Barcelona Grand Prix,FP3,4422.356000,HAM,44,hamilton,ferrari,88.180000,13.000000,4.000000,,,28.476000,35.504000,24.200000,4362.652000,4398.156000,4422.356000,244.000000,274.000000,296.000000,231.000000,False,SOFT,6.000000,False,Ferrari,4334.176000,,1,,False,,False,True
2026,7,Barcelona Grand Prix,FP3,4501.968000,HAM,44,hamilton,ferrari,79.612000,14.000000,4.000000,,,23.410000,32.060000,24.142000,4445.766000,4477.826000,4501.968000,244.000000,282.000000,298.000000,323.000000,False,SOFT,7.000000,False,Ferrari,4422.356000,,1,,False,,False,True
2026,7,Barcelona Grand Prix,FP3,4626.987000,HAM,44,hamilton,ferrari,125.019000,15.000000,4.000000,,,32.438000,46.391000,46.190000,4534.406000,4580.797000,4626.987000,170.000000,155.000000,44.000000,190.000000,False,SOFT,8.000000,False,Ferrari,4501.968000,,1,,False,,False,True
2026,7,Barcelona Grand Prix,FP3,4769.569000,HAM,44,hamilton,ferrari,142.582000,16.000000,4.000000,,4766.864000,79.527000,34.494000,28.561000,4706.514000,4741.008000,4769.569000,199.000000,234.000000,,299.000000,False,SOFT,9.000000,False,Ferrari,4626.987000,,1,,False,,False,False
2026,7,Barcelona Grand Prix,FP3,2018.714000,SAI,55,sainz,williams,,1.000000,1.000000,1914.635000,,,40.611000,28.444000,,1990.529000,2018.827000,175.000000,201.000000,245.000000,158.000000,False,SOFT,1.000000,True,Williams,1914.635000,,1,,False,,False,False
2026,7,Barcelona Grand Prix,FP3,2143.910000,SAI,55,sainz,williams,125.196000,2.000000,1.000000,,,41.588000,52.514000,31.094000,2060.302000,2112.816000,2143.910000,111.000000,110.000000,282.000000,219.000000,True,SOFT,2.000000,True,Williams,2018.714000,,1,,False,,False,True
2026,7,Barcelona Grand Prix,FP3,2222.294000,SAI,55,sainz,williams,78.384000,3.000000,1.000000,,,22.845000,31.756000,23.783000,2166.755000,2198.511000,2222.294000,266.000000,278.000000,286.000000,328.000000,True,SOFT,3.000000,True,Williams,2143.910000,,1,,False,,False,True
2026,7,Barcelona Grand Prix,FP3,2359.831000,SAI,55,sainz,williams,137.537000,4.000000,1.000000,,2357.061000,40.829000,51.608000,45.100000,2263.123000,2314.731000,2359.831000,141.000000,111.000000,,168.000000,False,SOFT,4.000000,True,Williams,2222.294000,,1,,False,,False,False
2026,7,Barcelona Grand Prix,FP3,2519.226000,SAI,55,sainz,williams,,5.000000,2.000000,2386.245000,,77.468000,51.140000,30.820000,2437.524000,2488.669000,2519.329000,124.000000,156.000000,292.000000,86.000000,False,SOFT,5.000000,False,Williams,2359.831000,,1,,False,,False,False
2026,7,Barcelona Grand Prix,FP3,2597.474000,SAI,55,sainz,williams,78.248000,6.000000,2.000000,,,23.006000,31.551000,23.691000,2542.232000,2573.783000,2597.474000,266.000000,286.000000,287.000000,321.000000,True,SOFT,6.000000,False,Williams,2519.226000,,1,,False,,False,True
2026,7,Barcelona Grand Prix,FP3,2714.356000,SAI,55,sainz,williams,116.882000,7.000000,2.000000,,2711.670000,39.623000,42.422000,34.837000,2637.097000,2679.519000,2714.356000,98.000000,217.000000,,143.000000,False,SOFT,7.000000,False,Williams,2597.474000,,1,,False,,False,False
2026,7,Barcelona Grand Prix,FP3,3340.115000,SAI,55,sainz,williams,,8.000000,3.000000,3212.898000,,,34.903000,25.435000,,3314.841000,3340.241000,218.000000,245.000000,293.000000,61.000000,False,SOFT,8.000000,False,Williams,3212.898000,,1,,False,,False,False
2026,7,Barcelona Grand Prix,FP3,3422.786000,SAI,55,sainz,williams,82.671000,9.000000,3.000000,,,23.995000,33.635000,25.041000,3364.110000,3397.745000,3422.786000,257.000000,257.000000,294.000000,328.000000,False,SOFT,9.000000,False,Williams,3340.115000,,1,,False,,False,True
2026,7,Barcelona Grand Prix,FP3,3505.253000,SAI,55,sainz,williams,82.467000,10.000000,3.000000,,,24.103000,33.384000,24.980000,3446.889000,3480.273000,3505.253000,255.000000,272.000000,292.000000,328.000000,False,SOFT,10.000000,False,Williams,3422.786000,,1,,False,,False,True
2026,7,Barcelona Grand Prix,FP3,3587.469000,SAI,55,sainz,williams,82.216000,11.000000,3.000000,,,23.886000,33.241000,25.089000,3529.139000,3562.380000,3587.469000,262.000000,262.000000,295.000000,328.000000,False,SOFT,11.000000,False,Williams,3505.253000,,1,,False,,False,True
2026,7,Barcelona Grand Prix,FP3,3669.685000,SAI,55,sainz,williams,82.216000,12.000000,3.000000,,,23.870000,33.536000,24.810000,3611.339000,3644.875000,3669.685000,257.000000,270.000000,296.000000,328.000000,False,SOFT,12.000000,False,Williams,3587.469000,,1,,False,,False,True
2026,7,Barcelona Grand Prix,FP3,3751.877000,SAI,55,sainz,williams,82.192000,13.000000,3.000000,,,23.864000,33.489000,24.839000,3693.549000,3727.038000,3751.877000,257.000000,275.000000,296.000000,328.000000,False,SOFT,13.000000,False,Williams,3669.685000,,1,,False,,False,True
2026,7,Barcelona Grand Prix,FP3,3840.591000,SAI,55,sainz,williams,88.714000,14.000000,3.000000,,3837.798000,23.961000,34.735000,30.018000,3775.838000,3810.573000,3840.591000,262.000000,247.000000,,329.000000,False,SOFT,14.000000,False,Williams,3751.877000,,1,,False,,False,False
2026,7,Barcelona Grand Prix,FP3,4294.383000,SAI,55,sainz,williams,,15.000000,4.000000,4187.764000,,,42.957000,28.776000,,4265.693000,4294.430000,196.000000,204.000000,298.000000,121.000000,False,SOFT,1.000000,True,Williams,3840.591000,,1,,False,,False,False
2026,7,Barcelona Grand Prix,FP3,4372.113000,SAI,55,sainz,williams,77.730000,16.000000,4.000000,,,22.883000,31.396000,23.451000,4317.266000,4348.662000,4372.113000,271.000000,291.000000,286.000000,317.000000,True,SOFT,2.000000,True,Williams,4294.383000,,1,,False,,False,True
2026,7,Barcelona Grand Prix,FP3,4493.289000,SAI,55,sainz,williams,121.176000,17.000000,4.000000,,,39.533000,47.725000,33.918000,4411.646000,4459.371000,4493.289000,133.000000,207.000000,204.000000,165.000000,False,SOFT,3.000000,True,Williams,4372.113000,,1,,False,,False,True
2026,7,Barcelona Grand Prix,FP3,4622.171000,SAI,55,sainz,williams,128.882000,18.000000,4.000000,,,38.814000,42.710000,47.358000,4532.103000,4574.813000,4622.171000,161.000000,177.000000,54.000000,140.000000,False,SOFT,4.000000,True,Williams,4493.289000,,1,,False,,False,True
2026,7,Barcelona Grand Prix,FP3,4750.336000,SAI,55,sainz,williams,128.165000,19.000000,4.000000,,4747.525000,61.299000,34.115000,32.751000,4683.470000,4717.585000,4750.336000,229.000000,246.000000,,297.000000,False,SOFT,5.000000,True,Williams,4622.171000,,1,,False,,False,False
2026,7,Barcelona Grand Prix,FP3,2506.155000,RUS,63,russell,mercedes,,1.000000,1.000000,2400.093000,,,42.314000,26.921000,,2479.440000,2506.319000,189.000000,219.000000,291.000000,140.000000,False,SOFT,1.000000,True,Mercedes,2400.093000,,1,,False,,False,False
2026,7,Barcelona Grand Prix,FP3,2582.413000,RUS,63,russell,mercedes,76.258000,2.000000,1.000000,,,22.226000,30.785000,23.247000,2528.381000,2559.166000,2582.413000,273.000000,276.000000,286.000000,332.000000,True,SOFT,2.000000,True,Mercedes,2506.155000,,1,,False,,False,True
2026,7,Barcelona Grand Prix,FP3,2706.086000,RUS,63,russell,mercedes,123.673000,3.000000,1.000000,,2703.342000,40.849000,45.169000,37.655000,2623.262000,2668.431000,2706.086000,167.000000,184.000000,,133.000000,False,SOFT,3.000000,True,Mercedes,2582.413000,,1,,False,,False,False
2026,7,Barcelona Grand Prix,FP3,3368.870000,RUS,63,russell,mercedes,,4.000000,2.000000,3228.096000,,,40.470000,35.665000,,3333.304000,3368.898000,174.000000,219.000000,280.000000,58.000000,False,SOFT,4.000000,False,Mercedes,3228.096000,,1,,False,,False,False
2026,7,Barcelona Grand Prix,FP3,3458.036000,RUS,63,russell,mercedes,89.166000,5.000000,2.000000,,3455.263000,22.651000,33.326000,33.189000,3391.521000,3424.847000,3458.036000,273.000000,220.000000,,326.000000,False,SOFT,5.000000,False,Mercedes,3368.870000,,1,,False,,False,False
2026,7,Barcelona Grand Prix,FP3,3745.028000,RUS,63,russell,mercedes,,6.000000,3.000000,3641.997000,,,43.201000,27.166000,,3718.050000,3745.057000,190.000000,224.000000,288.000000,173.000000,False,SOFT,1.000000,True,Mercedes,3458.036000,,1,,False,,False,False
2026,7,Barcelona Grand Prix,FP3,3820.707000,RUS,63,russell,mercedes,75.679000,7.000000,3.000000,,,22.301000,30.376000,23.002000,3767.329000,3797.705000,3820.707000,274.000000,283.000000,288.000000,330.000000,True,SOFT,2.000000,True,Mercedes,3745.028000,,1,,False,,False,True
2026,7,Barcelona Grand Prix,FP3,3927.388000,RUS,63,russell,mercedes,106.681000,8.000000,3.000000,,3924.567000,36.513000,39.587000,30.581000,3857.220000,3896.807000,3927.388000,180.000000,198.000000,,163.000000,False,SOFT,3.000000,True,Mercedes,3820.707000,,1,,False,,False,False
2026,7,Barcelona Grand Prix,FP3,4498.001000,RUS,63,russell,mercedes,,9.000000,4.000000,4366.718000,,,44.679000,31.442000,,4466.811000,4498.015000,122.000000,177.000000,240.000000,248.000000,False,SOFT,6.000000,False,Mercedes,3927.388000,,1,,False,,False,False
2026,7,Barcelona Grand Prix,FP3,4604.122000,RUS,63,russell,mercedes,106.121000,10.000000,4.000000,,,29.461000,37.716000,38.944000,4527.462000,4565.178000,4604.122000,192.000000,231.000000,65.000000,239.000000,False,SOFT,7.000000,False,Mercedes,4498.001000,,1,,False,,False,True
2026,7,Barcelona Grand Prix,FP3,4728.154000,RUS,63,russell,mercedes,124.032000,11.000000,4.000000,,4725.317000,57.346000,35.322000,31.364000,4661.468000,4696.790000,4728.154000,247.000000,225.000000,,290.000000,False,SOFT,8.000000,False,Mercedes,4604.122000,,1,,False,,False,False
2026,7,Barcelona Grand Prix,FP3,952.529000,BOT,77,bottas,cadillac,,1.000000,1.000000,849.235000,,,42.581000,28.242000,,924.520000,952.615000,169.000000,189.000000,285.000000,204.000000,False,SOFT,1.000000,True,Cadillac,849.235000,,1,,False,,False,False
2026,7,Barcelona Grand Prix,FP3,1032.527000,BOT,77,bottas,cadillac,79.998000,2.000000,1.000000,,,23.441000,32.128000,24.429000,975.970000,1008.098000,1032.527000,260.000000,259.000000,270.000000,316.000000,True,SOFT,2.000000,True,Cadillac,952.529000,,1,,False,,False,True
2026,7,Barcelona Grand Prix,FP3,1150.607000,BOT,77,bottas,cadillac,118.080000,3.000000,1.000000,,1147.759000,33.574000,47.167000,37.339000,1066.101000,1113.268000,1150.607000,147.000000,173.000000,,187.000000,False,SOFT,3.000000,True,Cadillac,1032.527000,,1,,False,,False,False
2026,7,Barcelona Grand Prix,FP3,1284.778000,BOT,77,bottas,cadillac,134.171000,4.000000,2.000000,1174.853000,,61.285000,45.183000,27.703000,1211.892000,1257.075000,1284.778000,161.000000,201.000000,285.000000,137.000000,False,SOFT,4.000000,False,Cadillac,1150.607000,,1,,False,,False,False
2026,7,Barcelona Grand Prix,FP3,1364.740000,BOT,77,bottas,cadillac,79.962000,5.000000,2.000000,,,23.373000,32.226000,24.363000,1308.151000,1340.377000,1364.740000,266.000000,286.000000,273.000000,317.000000,True,SOFT,5.000000,False,Cadillac,1284.778000,,1,,False,,False,True
2026,7,Barcelona Grand Prix,FP3,1468.772000,BOT,77,bottas,cadillac,104.032000,6.000000,2.000000,,1465.849000,29.472000,39.550000,35.010000,1394.212000,1433.762000,1468.772000,187.000000,196.000000,,276.000000,False,SOFT,6.000000,False,Cadillac,1364.740000,,1,,False,,False,False
2026,7,Barcelona Grand Prix,FP3,2302.749000,BOT,77,bottas,cadillac,,7.000000,3.000000,2192.779000,,,43.135000,28.535000,,2274.325000,2302.766000,85.000000,191.000000,287.000000,120.000000,False,SOFT,7.000000,False,Cadillac,1468.772000,,1,,False,,False,False
2026,7,Barcelona Grand Prix,FP3,2383.073000,BOT,77,bottas,cadillac,80.324000,8.000000,3.000000,,,23.300000,32.189000,24.835000,2326.049000,2358.238000,2383.073000,263.000000,290.000000,270.000000,327.000000,False,SOFT,8.000000,False,Cadillac,2302.749000,,1,,False,,False,True
2026,7,Barcelona Grand Prix,FP3,2490.835000,BOT,77,bottas,cadillac,107.762000,9.000000,3.000000,,,35.341000,44.565000,27.856000,2418.414000,2462.979000,2490.835000,170.000000,122.000000,291.000000,153.000000,False,SOFT,9.000000,False,Cadillac,2383.073000,,1,,False,,False,True
2026,7,Barcelona Grand Prix,FP3,2573.307000,BOT,77,bottas,cadillac,82.472000,10.000000,3.000000,,,24.037000,33.241000,25.194000,2514.872000,2548.113000,2573.307000,250.000000,277.000000,286.000000,319.000000,False,SOFT,10.000000,False,Cadillac,2490.835000,,1,,False,,False,True
2026,7,Barcelona Grand Prix,FP3,2656.053000,BOT,77,bottas,cadillac,82.746000,11.000000,3.000000,,,23.990000,33.077000,25.679000,2597.297000,2630.374000,2656.053000,254.000000,277.000000,292.000000,318.000000,False,SOFT,11.000000,False,Cadillac,2573.307000,,1,,False,,False,True
2026,7,Barcelona Grand Prix,FP3,2739.009000,BOT,77,bottas,cadillac,82.956000,12.000000,3.000000,,,23.945000,33.617000,25.394000,2679.998000,2713.615000,2739.009000,248.000000,266.000000,290.000000,341.000000,False,SOFT,12.000000,False,Cadillac,2656.053000,,1,,False,,False,True
2026,7,Barcelona Grand Prix,FP3,2822.247000,BOT,77,bottas,cadillac,83.238000,13.000000,3.000000,,,24.217000,33.573000,25.448000,2763.226000,2796.799000,2822.247000,258.000000,277.000000,285.000000,318.000000,False,SOFT,13.000000,False,Cadillac,2739.009000,,1,,False,,False,True
2026,7,Barcelona Grand Prix,FP3,3105.515000,BOT,77,bottas,cadillac,,14.000000,3.000000,,3105.515000,24.397000,35.542000,,2846.774000,2882.273000,,253.000000,164.000000,,319.000000,False,SOFT,14.000000,False,Cadillac,2822.247000,,125,,False,,False,False
2026,7,Barcelona Grand Prix,FP3,2342.084000,PIA,81,piastri,mclaren,,1.000000,1.000000,2243.678000,,,38.873000,26.309000,,2315.932000,2342.108000,208.000000,233.000000,287.000000,134.000000,False,SOFT,1.000000,True,McLaren,2243.678000,,1,,False,,False,False
2026,7,Barcelona Grand Prix,FP3,2419.365000,PIA,81,piastri,mclaren,77.281000,2.000000,1.000000,,,22.573000,31.361000,23.347000,2364.657000,2396.018000,2419.365000,282.000000,283.000000,286.000000,329.000000,True,SOFT,2.000000,True,McLaren,2342.084000,,1,,False,,False,True
2026,7,Barcelona Grand Prix,FP3,2527.971000,PIA,81,piastri,mclaren,108.606000,3.000000,1.000000,,2525.234000,32.545000,40.681000,35.380000,2451.910000,2492.591000,2527.971000,145.000000,181.000000,,193.000000,False,SOFT,3.000000,True,McLaren,2419.365000,,1,,False,,False,False
2026,7,Barcelona Grand Prix,FP3,3288.002000,PIA,81,piastri,mclaren,,4.000000,2.000000,3190.282000,,,38.792000,26.167000,,3262.064000,3288.180000,216.000000,241.000000,289.000000,161.000000,False,SOFT,4.000000,False,McLaren,3190.282000,,1,,False,,False,False
2026,7,Barcelona Grand Prix,FP3,3364.960000,PIA,81,piastri,mclaren,76.958000,5.000000,2.000000,,,22.655000,31.060000,23.243000,3310.657000,3341.717000,3364.960000,278.000000,292.000000,276.000000,328.000000,True,SOFT,5.000000,False,McLaren,3288.002000,,1,,False,,False,True
2026,7,Barcelona Grand Prix,FP3,3472.446000,PIA,81,piastri,mclaren,107.486000,6.000000,2.000000,,3469.820000,35.224000,40.756000,31.506000,3400.184000,3440.940000,3472.446000,202.000000,229.000000,,158.000000,False,SOFT,6.000000,False,McLaren,3364.960000,,1,,False,,False,False
2026,7,Barcelona Grand Prix,FP3,3778.155000,PIA,81,piastri,mclaren,,7.000000,3.000000,3682.118000,,,38.923000,25.863000,,3752.580000,3778.384000,223.000000,244.000000,289.000000,180.000000,False,SOFT,1.000000,True,McLaren,3472.446000,,1,,False,,False,False
2026,7,Barcelona Grand Prix,FP3,3854.048000,PIA,81,piastri,mclaren,75.893000,8.000000,3.000000,,,22.264000,30.721000,22.908000,3800.419000,3831.140000,3854.048000,279.000000,290.000000,284.000000,328.000000,True,SOFT,2.000000,True,McLaren,3778.155000,,1,,False,,False,True
2026,7,Barcelona Grand Prix,FP3,3961.094000,PIA,81,piastri,mclaren,107.046000,9.000000,3.000000,,3958.365000,33.152000,40.121000,33.773000,3887.200000,3927.321000,3961.094000,201.000000,153.000000,,217.000000,False,SOFT,3.000000,True,McLaren,3854.048000,,1,,False,,False,False
2026,7,Barcelona Grand Prix,FP3,4530.045000,PIA,81,piastri,mclaren,,10.000000,4.000000,4379.847000,,,41.095000,29.482000,,4500.563000,4530.098000,243.000000,205.000000,286.000000,249.000000,False,SOFT,4.000000,False,McLaren,3961.094000,,1,,False,,False,False
2026,7,Barcelona Grand Prix,FP3,4687.665000,PIA,81,piastri,mclaren,,11.000000,4.000000,,,25.687000,43.161000,88.738000,4555.815000,4598.999000,4687.732000,247.000000,201.000000,2.000000,293.000000,False,SOFT,5.000000,False,McLaren,4530.045000,,1,,False,,False,False
2026,7,Barcelona Grand Prix,FP3,4778.903000,PIA,81,piastri,mclaren,91.238000,12.000000,4.000000,,4775.960000,27.391000,34.281000,29.566000,4715.056000,4749.337000,4778.903000,229.000000,251.000000,,295.000000,False,SOFT,6.000000,False,McLaren,4687.665000,,12,,False,,False,False
2026,7,Barcelona Grand Prix,FP3,2060.212000,BEA,87,bearman,haas,,1.000000,1.000000,1946.394000,,,43.228000,27.214000,,2033.083000,2060.254000,169.000000,204.000000,289.000000,99.000000,False,SOFT,1.000000,True,Haas F1 Team,1946.394000,,1,,False,,False,False
2026,7,Barcelona Grand Prix,FP3,2138.609000,BEA,87,bearman,haas,78.397000,2.000000,1.000000,,,22.787000,31.623000,23.987000,2082.999000,2114.622000,2138.609000,278.000000,284.000000,293.000000,331.000000,True,SOFT,2.000000,True,Haas F1 Team,2060.212000,,1,,False,,False,True
2026,7,Barcelona Grand Prix,FP3,2279.463000,BEA,87,bearman,haas,140.854000,3.000000,1.000000,,2276.607000,41.257000,54.670000,44.927000,2179.866000,2234.536000,2279.463000,128.000000,128.000000,,144.000000,False,SOFT,3.000000,True,Haas F1 Team,2138.609000,,1,,False,,False,False
2026,7,Barcelona Grand Prix,FP3,2724.311000,BEA,87,bearman,haas,,4.000000,2.000000,2587.318000,,,48.807000,33.391000,,2691.035000,2724.311000,134.000000,151.000000,291.000000,73.000000,False,SOFT,4.000000,False,Haas F1 Team,2279.463000,,1,,False,,False,False
2026,7,Barcelona Grand Prix,FP3,2802.997000,BEA,87,bearman,haas,78.686000,5.000000,2.000000,,,22.933000,31.850000,23.903000,2747.244000,2779.094000,2802.997000,279.000000,280.000000,292.000000,333.000000,False,SOFT,5.000000,False,Haas F1 Team,2724.311000,,1,,False,,False,True
2026,7,Barcelona Grand Prix,FP3,3787.344000,BEA,87,bearman,haas,,6.000000,2.000000,,2900.713000,30.226000,37.784000,,2833.352000,2870.978000,,236.000000,243.000000,,229.000000,False,SOFT,6.000000,False,Haas F1 Team,2802.997000,,125,,False,,False,False
2026,7,Barcelona Grand Prix,FP3,3910.655000,BEA,87,bearman,haas,,7.000000,3.000000,3787.344000,,,43.415000,27.727000,,3883.158000,3910.795000,161.000000,207.000000,292.000000,91.000000,False,SOFT,1.000000,True,Haas F1 Team,3787.344000,,1,,False,,False,False
2026,7,Barcelona Grand Prix,FP3,4029.317000,BEA,87,bearman,haas,118.662000,8.000000,3.000000,,,28.105000,56.957000,33.600000,3938.760000,3995.717000,4029.317000,116.000000,168.000000,289.000000,334.000000,False,SOFT,2.000000,True,Haas F1 Team,3910.655000,,1,,False,,False,True
2026,7,Barcelona Grand Prix,FP3,4107.708000,BEA,87,bearman,haas,78.391000,9.000000,3.000000,,,23.022000,31.591000,23.778000,4052.339000,4083.930000,4107.708000,273.000000,281.000000,290.000000,332.000000,True,SOFT,3.000000,True,Haas F1 Team,4029.317000,,1,,False,,False,True
2026,7,Barcelona Grand Prix,FP3,4218.753000,BEA,87,bearman,haas,111.045000,10.000000,3.000000,,4215.989000,34.965000,42.782000,33.298000,4142.673000,4185.455000,4218.753000,170.000000,211.000000,,161.000000,False,SOFT,4.000000,True,Haas F1 Team,4107.708000,,1,,False,,False,False
2026,7,Barcelona Grand Prix,FP3,4546.021000,BEA,87,bearman,haas,,11.000000,4.000000,4399.905000,,,34.525000,27.483000,,4518.579000,4546.037000,196.000000,232.000000,290.000000,249.000000,False,SOFT,5.000000,False,Haas F1 Team,4218.753000,,1,,False,,False,False
2026,7,Barcelona Grand Prix,FP3,4645.616000,BEA,87,bearman,haas,99.595000,12.000000,4.000000,,,24.230000,34.462000,40.903000,4570.251000,4604.713000,4645.616000,247.000000,221.000000,82.000000,325.000000,False,SOFT,6.000000,False,Haas F1 Team,4546.021000,,1,,False,,False,True
2026,7,Barcelona Grand Prix,FP3,4764.457000,BEA,87,bearman,haas,118.841000,13.000000,4.000000,,4761.345000,54.984000,33.784000,30.073000,4700.600000,4734.384000,4764.457000,250.000000,217.000000,,300.000000,False,SOFT,7.000000,False,Haas F1 Team,4645.616000,,1,,False,,False,False
