model,round,driver_id,abbreviation,predicted_position,actual_position,p_win,p_podium,won,podium
A_ridge,6,albon,ALB,12.396829766189112,8.0,0.00475,0.0301,False,False
A_ridge,6,alonso,ALO,19.630013449701686,10.0,0.0,0.00025,False,False
A_ridge,6,antonelli,ANT,3.0852903987452773,1.0,0.2668,0.5718,True,True
A_ridge,6,arvid_lindblad,LIN,13.357153439252148,7.0,0.00215,0.0175,False,False
A_ridge,6,bearman,BEA,14.803972592422653,20.0,0.0012,0.00815,False,False
A_ridge,6,bortoleto,BOR,14.000900793130374,11.0,0.00145,0.0128,False,False
A_ridge,6,bottas,BOT,18.231872442641475,21.0,5e-05,0.00095,False,False
A_ridge,6,colapinto,COL,11.928490030459974,14.0,0.00635,0.039,False,False
A_ridge,6,gasly,GAS,9.874361281321043,3.0,0.0149,0.0853,False,True
A_ridge,6,hadjar,HAD,7.781663459326438,4.0,0.04205,0.1675,False,False
A_ridge,6,hamilton,HAM,4.766127534062284,2.0,0.1531,0.42545,False,True
A_ridge,6,hulkenberg,HUL,13.917788566742333,13.0,0.0016,0.01215,False,False
A_ridge,6,lawson,LAW,11.05935104946723,6.0,0.00925,0.05325,False,False
A_ridge,6,leclerc,LEC,4.823308423553637,17.0,0.15015,0.41755,False,False
A_ridge,6,max_verstappen,VER,5.2547366454451785,22.0,0.12375,0.36265,False,False
A_ridge,6,norris,NOR,7.701334330387997,19.0,0.04575,0.18045,False,False
A_ridge,6,ocon,OCO,15.232276863672942,9.0,0.0006,0.00625,False,False
A_ridge,6,perez,PER,16.805584230529835,15.0,0.0001,0.00275,False,False
A_ridge,6,piastri,PIA,7.139084452146421,5.0,0.06115,0.22975,False,False
A_ridge,6,russell,RUS,5.553821141528721,12.0,0.1084,0.33055,False,False
A_ridge,6,sainz,SAI,11.576976801373267,16.0,0.0064,0.04555,False,False
A_ridge,6,stroll,STR,19.998289327257908,18.0,5e-05,0.0003,False,False
B_random_forest,6,albon,ALB,14.193721649557883,8.0,0.0017,0.0127,False,False
B_random_forest,6,alonso,ALO,17.70955855624424,10.0,0.00025,0.0013,False,False
B_random_forest,6,antonelli,ANT,3.9185234797881847,1.0,0.198,0.4971,True,True
B_random_forest,6,arvid_lindblad,LIN,14.704794994152731,7.0,0.0008,0.0087,False,False
B_random_forest,6,bearman,BEA,16.883271967738146,20.0,0.00025,0.0024,False,False
B_random_forest,6,bortoleto,BOR,13.928430424004956,11.0,0.00125,0.0134,False,False
B_random_forest,6,bottas,BOT,17.592662992571583,21.0,0.00015,0.0015,False,False
B_random_forest,6,colapinto,COL,13.586996282595964,14.0,0.00285,0.0171,False,False
B_random_forest,6,gasly,GAS,10.220699773437772,3.0,0.0126,0.0745,False,True
B_random_forest,6,hadjar,HAD,6.812276630524619,4.0,0.0595,0.2197,False,False
B_random_forest,6,hamilton,HAM,6.2244304923318925,2.0,0.08785,0.3015,False,True
B_random_forest,6,hulkenberg,HUL,13.215556875348588,13.0,0.0022,0.01765,False,False
B_random_forest,6,lawson,LAW,11.721494026681953,6.0,0.006,0.04125,False,False
B_random_forest,6,leclerc,LEC,6.06425573457331,17.0,0.0915,0.30865,False,False
B_random_forest,6,max_verstappen,VER,3.411189683845566,22.0,0.2176,0.50955,False,False
B_random_forest,6,norris,NOR,8.507254675785163,19.0,0.0309,0.14135,False,False
B_random_forest,6,ocon,OCO,14.821062431041607,9.0,0.0009,0.00785,False,False
B_random_forest,6,perez,PER,16.652051001793197,15.0,0.0001,0.00305,False,False
B_random_forest,6,piastri,PIA,5.396665751809249,5.0,0.1163,0.35835,False,False
B_random_forest,6,russell,RUS,4.235693936318241,12.0,0.16595,0.43395,False,False
B_random_forest,6,sainz,SAI,12.690255394167245,16.0,0.00325,0.02705,False,False
B_random_forest,6,stroll,STR,17.630750799235155,18.0,0.0001,0.0014,False,False
C_gradient_boosting,6,albon,ALB,14.768131496781397,8.0,0.00065,0.0113,False,False
C_gradient_boosting,6,alonso,ALO,18.074514619133033,10.0,0.00015,0.001,False,False
C_gradient_boosting,6,antonelli,ANT,7.759599066168262,1.0,0.0286,0.1736,True,True
C_gradient_boosting,6,arvid_lindblad,LIN,14.709140155082,7.0,0.0006,0.00895,False,False
C_gradient_boosting,6,bearman,BEA,15.568792561111437,20.0,0.0005,0.006,False,False
C_gradient_boosting,6,bortoleto,BOR,11.3593339067273,11.0,0.00485,0.0437,False,False
C_gradient_boosting,6,bottas,BOT,17.92227699281414,21.0,0.0001,0.00135,False,False
C_gradient_boosting,6,colapinto,COL,13.736718749348311,14.0,0.0021,0.01715,False,False
C_gradient_boosting,6,gasly,GAS,9.74662349628832,3.0,0.0107,0.0833,False,True
C_gradient_boosting,6,hadjar,HAD,5.189892659019321,4.0,0.072,0.29415,False,False
C_gradient_boosting,6,hamilton,HAM,7.957649734069495,2.0,0.02935,0.16335,False,True
C_gradient_boosting,6,hulkenberg,HUL,12.305804925406353,13.0,0.00275,0.02715,False,False
C_gradient_boosting,6,lawson,LAW,12.467773828892453,6.0,0.0024,0.02735,False,False
C_gradient_boosting,6,leclerc,LEC,5.558795929688859,17.0,0.07165,0.31175,False,False
C_gradient_boosting,6,max_verstappen,VER,2.065065439640664,22.0,0.21635,0.56485,False,False
C_gradient_boosting,6,norris,NOR,9.006200983827846,19.0,0.01695,0.10765,False,False
C_gradient_boosting,6,ocon,OCO,16.763158382603983,9.0,0.0002,0.00285,False,False
C_gradient_boosting,6,perez,PER,17.14399921774221,15.0,5e-05,0.0023,False,False
C_gradient_boosting,6,piastri,PIA,4.154002869367144,5.0,0.11895,0.4184,False,False
C_gradient_boosting,6,russell,RUS,-0.6176582974943156,12.0,0.4199,0.7207,False,False
C_gradient_boosting,6,sainz,SAI,14.471392000755225,16.0,0.001,0.0115,False,False
C_gradient_boosting,6,stroll,STR,17.788645053261668,18.0,0.0002,0.00165,False,False
D_grid_baseline,6,albon,ALB,11.0,8.0,0.005,0.0362,False,False
D_grid_baseline,6,alonso,ALO,21.0,10.0,0.0,0.0,False,False
D_grid_baseline,6,antonelli,ANT,1.0,1.0,0.30215,0.6348,True,True
D_grid_baseline,6,arvid_lindblad,LIN,15.0,7.0,0.00035,0.00455,False,False
D_grid_baseline,6,bearman,BEA,19.0,20.0,5e-05,0.00045,False,False
D_grid_baseline,6,bortoleto,BOR,16.0,11.0,0.00015,0.0025,False,False
D_grid_baseline,6,bottas,BOT,20.0,21.0,0.0,0.00015,False,False
D_grid_baseline,6,colapinto,COL,14.0,14.0,0.0011,0.00865,False,False
D_grid_baseline,6,gasly,GAS,9.0,3.0,0.0116,0.07935,False,True
D_grid_baseline,6,hadjar,HAD,5.0,4.0,0.07105,0.26425,False,False
D_grid_baseline,6,hamilton,HAM,3.0,2.0,0.16365,0.47255,False,True
D_grid_baseline,6,hulkenberg,HUL,13.0,13.0,0.00135,0.0122,False,False
D_grid_baseline,6,lawson,LAW,10.0,6.0,0.00785,0.0544,False,False
D_grid_baseline,6,leclerc,LEC,4.0,17.0,0.11595,0.38125,False,False
D_grid_baseline,6,max_verstappen,VER,2.0,22.0,0.2139,0.52275,False,False
D_grid_baseline,6,norris,NOR,8.0,19.0,0.01985,0.1151,False,False
D_grid_baseline,6,ocon,OCO,17.0,9.0,0.0001,0.00115,False,False
D_grid_baseline,6,perez,PER,18.0,15.0,0.0,0.00075,False,False
D_grid_baseline,6,piastri,PIA,7.0,5.0,0.03425,0.16755,False,False
D_grid_baseline,6,russell,RUS,6.0,12.0,0.0493,0.21795,False,False
D_grid_baseline,6,sainz,SAI,12.0,16.0,0.00235,0.0234,False,False
D_grid_baseline,6,stroll,STR,22.0,18.0,0.0,5e-05,False,False
A_ridge,7,albon,ALB,15.105018303632225,18.0,0.001,0.00965,False,False
A_ridge,7,alonso,ALO,19.369721385370614,19.0,0.0001,0.0005,False,False
A_ridge,7,antonelli,ANT,4.489583492573536,16.0,0.17605,0.44175,False,False
A_ridge,7,arvid_lindblad,LIN,10.857673758513538,9.0,0.01285,0.0621,False,False
A_ridge,7,bearman,BEA,12.691777773620178,17.0,0.00475,0.0257,False,False
A_ridge,7,bortoleto,BOR,11.486010366005662,11.0,0.0083,0.047,False,False
A_ridge,7,bottas,BOT,17.20424522776871,21.0,0.0002,0.00235,False,False
A_ridge,7,colapinto,COL,11.369419020605113,10.0,0.01095,0.0555,False,False
A_ridge,7,gasly,GAS,11.65839290729556,7.0,0.00745,0.04275,False,False
A_ridge,7,hadjar,HAD,7.376496716272088,6.0,0.0555,0.1926,False,False
A_ridge,7,hamilton,HAM,4.5606819530465135,1.0,0.1736,0.43965,True,True
A_ridge,7,hulkenberg,HUL,10.079453934282853,20.0,0.0161,0.07965,False,False
A_ridge,7,lawson,LAW,8.752384667703595,8.0,0.0322,0.1403,False,False
A_ridge,7,leclerc,LEC,8.145697701265277,15.0,0.0421,0.16425,False,False
A_ridge,7,max_verstappen,VER,6.404447024887782,4.0,0.0804,0.2572,False,False
A_ridge,7,norris,NOR,5.778085999335051,3.0,0.0979,0.28675,False,True
A_ridge,7,ocon,OCO,14.14106916805617,13.0,0.00175,0.0145,False,False
A_ridge,7,perez,PER,17.239212220365385,14.0,0.00025,0.0028,False,False
A_ridge,7,piastri,PIA,6.923404489679658,5.0,0.0744,0.25055,False,False
A_ridge,7,russell,RUS,3.7974692172288815,2.0,0.2022,0.4672,False,True
A_ridge,7,sainz,SAI,13.862568029786807,12.0,0.0019,0.0167,False,False
A_ridge,7,stroll,STR,19.146260106862016,22.0,5e-05,0.00055,False,False
B_random_forest,7,albon,ALB,17.446307897520445,18.0,0.0004,0.0037,False,False
B_random_forest,7,alonso,ALO,17.160748748757268,19.0,0.00045,0.00325,False,False
B_random_forest,7,antonelli,ANT,5.2719482655889,16.0,0.14785,0.37905,False,False
B_random_forest,7,arvid_lindblad,LIN,10.739283778613885,9.0,0.0167,0.07495,False,False
B_random_forest,7,bearman,BEA,11.217210232088169,17.0,0.0111,0.0568,False,False
B_random_forest,7,bortoleto,BOR,10.52903031388975,11.0,0.01835,0.0814,False,False
B_random_forest,7,bottas,BOT,17.741596710006547,21.0,0.0003,0.00275,False,False
B_random_forest,7,colapinto,COL,10.361222847938098,10.0,0.0212,0.0936,False,False
B_random_forest,7,gasly,GAS,10.76394329840266,7.0,0.01565,0.0756,False,False
B_random_forest,7,hadjar,HAD,6.747843219551349,6.0,0.08005,0.238,False,False
B_random_forest,7,hamilton,HAM,7.150683965595812,1.0,0.0778,0.24825,True,True
B_random_forest,7,hulkenberg,HUL,11.110963555441797,20.0,0.0121,0.06145,False,False
B_random_forest,7,lawson,LAW,9.137573208078468,8.0,0.03235,0.1338,False,False
B_random_forest,7,leclerc,LEC,9.79701797157951,15.0,0.0258,0.10565,False,False
B_random_forest,7,max_verstappen,VER,5.7463181266446,4.0,0.11,0.3089,False,False
B_random_forest,7,norris,NOR,5.366337623607903,3.0,0.12025,0.31865,False,True
B_random_forest,7,ocon,OCO,14.478543373559708,13.0,0.0024,0.01675,False,False
B_random_forest,7,perez,PER,17.057986553504975,14.0,0.0002,0.00465,False,False
B_random_forest,7,piastri,PIA,5.828440536183802,5.0,0.12125,0.3339,False,False
B_random_forest,7,russell,RUS,4.399118349632823,2.0,0.1791,0.41815,False,True
B_random_forest,7,sainz,SAI,12.596260432764694,12.0,0.00635,0.03765,False,False
B_random_forest,7,stroll,STR,17.063465371994706,22.0,0.00035,0.0031,False,False
C_gradient_boosting,7,albon,ALB,17.018391026390148,18.0,0.00085,0.00685,False,False
C_gradient_boosting,7,alonso,ALO,19.110143699705887,19.0,0.00025,0.0019,False,False
C_gradient_boosting,7,antonelli,ANT,3.9432153043944855,16.0,0.19765,0.47625,False,False
C_gradient_boosting,7,arvid_lindblad,LIN,10.378533247367384,9.0,0.0206,0.09445,False,False
C_gradient_boosting,7,bearman,BEA,12.529130020889932,17.0,0.00705,0.03925,False,False
C_gradient_boosting,7,bortoleto,BOR,9.477207041187157,11.0,0.029,0.12635,False,False
C_gradient_boosting,7,bottas,BOT,18.45536780073788,21.0,0.0002,0.00265,False,False
C_gradient_boosting,7,colapinto,COL,11.352464332440164,10.0,0.01525,0.07385,False,False
C_gradient_boosting,7,gasly,GAS,11.88305833669796,7.0,0.0096,0.055,False,False
C_gradient_boosting,7,hadjar,HAD,6.880571948517168,6.0,0.07225,0.2321,False,False
C_gradient_boosting,7,hamilton,HAM,9.741604199655884,1.0,0.02895,0.12355,True,True
C_gradient_boosting,7,hulkenberg,HUL,12.241252918457873,20.0,0.0085,0.0454,False,False
C_gradient_boosting,7,lawson,LAW,9.116277206125984,8.0,0.03245,0.14125,False,False
C_gradient_boosting,7,leclerc,LEC,12.449743344515232,15.0,0.0088,0.04795,False,False
C_gradient_boosting,7,max_verstappen,VER,6.518462586141516,4.0,0.07915,0.2583,False,False
C_gradient_boosting,7,norris,NOR,5.035311609081543,3.0,0.12435,0.33825,False,True
C_gradient_boosting,7,ocon,OCO,14.194311349718756,13.0,0.003,0.0233,False,False
C_gradient_boosting,7,perez,PER,17.26083645758755,14.0,0.0004,0.0059,False,False
C_gradient_boosting,7,piastri,PIA,3.4609640317390595,5.0,0.2229,0.49615,False,False
C_gradient_boosting,7,russell,RUS,5.173145697166643,2.0,0.1296,0.35755,False,True
C_gradient_boosting,7,sainz,SAI,12.214285111538796,12.0,0.0089,0.0503,False,False
C_gradient_boosting,7,stroll,STR,17.8225896990018,22.0,0.0003,0.00345,False,False
D_grid_baseline,7,albon,ALB,18.0,18.0,5e-05,0.0017,False,False
D_grid_baseline,7,alonso,ALO,22.0,19.0,0.0,0.0001,False,False
D_grid_baseline,7,antonelli,ANT,3.0,16.0,0.1655,0.4633,False,False
D_grid_baseline,7,arvid_lindblad,LIN,11.0,9.0,0.00675,0.044,False,False
D_grid_baseline,7,bearman,BEA,15.0,17.0,0.0008,0.00725,False,False
D_grid_baseline,7,bortoleto,BOR,12.0,11.0,0.0031,0.031,False,False
D_grid_baseline,7,bottas,BOT,20.0,21.0,5e-05,0.00035,False,False
D_grid_baseline,7,colapinto,COL,13.0,10.0,0.00295,0.02085,False,False
D_grid_baseline,7,gasly,GAS,14.0,7.0,0.0015,0.01105,False,False
D_grid_baseline,7,hadjar,HAD,6.0,6.0,0.0541,0.213,False,False
D_grid_baseline,7,hamilton,HAM,2.0,1.0,0.22225,0.54605,True,True
D_grid_baseline,7,hulkenberg,HUL,9.0,20.0,0.01535,0.0884,False,False
D_grid_baseline,7,lawson,LAW,8.0,8.0,0.02585,0.1326,False,False
D_grid_baseline,7,leclerc,LEC,10.0,15.0,0.01085,0.06745,False,False
D_grid_baseline,7,max_verstappen,VER,5.0,4.0,0.07595,0.2751,False,False
D_grid_baseline,7,norris,NOR,4.0,3.0,0.1046,0.32905,False,True
D_grid_baseline,7,ocon,OCO,17.0,13.0,0.00035,0.00205,False,False
D_grid_baseline,7,perez,PER,19.0,14.0,0.0001,0.0008,False,False
D_grid_baseline,7,piastri,PIA,7.0,5.0,0.03925,0.1867,False,False
D_grid_baseline,7,russell,RUS,1.0,2.0,0.2702,0.57465,False,True
D_grid_baseline,7,sainz,SAI,16.0,12.0,0.00045,0.00435,False,False
D_grid_baseline,7,stroll,STR,21.0,22.0,0.0,0.0002,False,False
A_ridge,8,albon,ALB,15.56584319541744,17.0,0.0009,0.01015,False,False
A_ridge,8,alonso,ALO,20.850862517730505,18.0,0.0,0.00015,False,False
A_ridge,8,antonelli,ANT,5.550192179330387,3.0,0.1405,0.3777,False,True
A_ridge,8,arvid_lindblad,LIN,10.773655025997806,10.0,0.01745,0.0829,False,False
A_ridge,8,bearman,BEA,12.507964150920854,14.0,0.00585,0.03365,False,False
A_ridge,8,bortoleto,BOR,12.469632244229583,11.0,0.00675,0.03995,False,False
A_ridge,8,bottas,BOT,18.744209121405007,22.0,0.0001,0.00135,False,False
A_ridge,8,colapinto,COL,13.493205706888894,15.0,0.00505,0.0288,False,False
A_ridge,8,gasly,GAS,10.919718168423357,13.0,0.01395,0.07785,False,False
A_ridge,8,hadjar,HAD,8.376566465135381,6.0,0.0474,0.1739,False,False
A_ridge,8,hamilton,HAM,5.039810054702279,5.0,0.17775,0.4458,False,False
A_ridge,8,hulkenberg,HUL,14.106257955286015,12.0,0.0027,0.0171,False,False
A_ridge,8,lawson,LAW,9.952435498008866,9.0,0.0241,0.11725,False,False
A_ridge,8,leclerc,LEC,5.25197569781518,8.0,0.14275,0.3705,False,False
A_ridge,8,max_verstappen,VER,7.018533803404805,2.0,0.0796,0.259,False,True
A_ridge,8,norris,NOR,7.431983883483512,7.0,0.066,0.22255,False,False
A_ridge,8,ocon,OCO,13.885899475185562,16.0,0.00315,0.02225,False,False
A_ridge,8,perez,PER,17.642569635038143,21.0,0.0003,0.00315,False,False
A_ridge,8,piastri,PIA,7.6861453675892175,4.0,0.06865,0.2396,False,False
A_ridge,8,russell,RUS,4.459555112714633,1.0,0.1952,0.46185,True,True
A_ridge,8,sainz,SAI,14.906806827669053,20.0,0.0018,0.0143,False,False
A_ridge,8,stroll,STR,21.409724526075237,19.0,5e-05,0.00025,False,False
B_random_forest,8,albon,ALB,16.771209904483197,17.0,0.00045,0.0055,False,False
B_random_forest,8,alonso,ALO,17.31376964636668,18.0,0.00035,0.0024,False,False
B_random_forest,8,antonelli,ANT,5.709330764986644,3.0,0.1293,0.35525,False,True
B_random_forest,8,arvid_lindblad,LIN,10.943672114255973,10.0,0.01605,0.076,False,False
B_random_forest,8,bearman,BEA,12.913770495826851,14.0,0.0051,0.0278,False,False
B_random_forest,8,bortoleto,BOR,11.280414913363208,11.0,0.0128,0.0665,False,False
B_random_forest,8,bottas,BOT,18.341845355624773,22.0,0.00015,0.00185,False,False
B_random_forest,8,colapinto,COL,13.439063153770888,15.0,0.0055,0.02895,False,False
B_random_forest,8,gasly,GAS,9.842566566088975,13.0,0.0251,0.11305,False,False
B_random_forest,8,hadjar,HAD,10.864381637454395,6.0,0.015,0.0758,False,False
B_random_forest,8,hamilton,HAM,5.608237009722302,5.0,0.14405,0.39025,False,False
B_random_forest,8,hulkenberg,HUL,13.378226326750902,12.0,0.00425,0.0236,False,False
B_random_forest,8,lawson,LAW,10.506621821805641,9.0,0.0189,0.0938,False,False
B_random_forest,8,leclerc,LEC,5.794869426162075,8.0,0.1161,0.32695,False,False
B_random_forest,8,max_verstappen,VER,6.7000528585621435,2.0,0.08695,0.27325,False,True
B_random_forest,8,norris,NOR,6.833989876661002,7.0,0.08005,0.25355,False,False
B_random_forest,8,ocon,OCO,13.44370926416205,16.0,0.00395,0.02805,False,False
B_random_forest,8,perez,PER,16.949635526221265,21.0,0.00055,0.0043,False,False
B_random_forest,8,piastri,PIA,6.417589421543371,4.0,0.107,0.32105,False,False
B_random_forest,8,russell,RUS,3.9564105348298075,1.0,0.22175,0.49205,True,True
B_random_forest,8,sainz,SAI,12.630212098625485,20.0,0.00645,0.03875,False,False
B_random_forest,8,stroll,STR,18.304744741404104,19.0,0.0002,0.0013,False,False
C_gradient_boosting,8,albon,ALB,17.415454145584718,17.0,0.0012,0.0089,False,False
C_gradient_boosting,8,alonso,ALO,18.071612514954904,18.0,0.0005,0.0041,False,False
C_gradient_boosting,8,antonelli,ANT,6.4284584326494745,3.0,0.1342,0.35805,False,True
C_gradient_boosting,8,arvid_lindblad,LIN,10.302565544244151,10.0,0.0341,0.1353,False,False
C_gradient_boosting,8,bearman,BEA,13.356822748430794,14.0,0.0078,0.04,False,False
C_gradient_boosting,8,bortoleto,BOR,13.244596144110046,11.0,0.00855,0.05005,False,False
C_gradient_boosting,8,bottas,BOT,19.175856368612415,22.0,0.0003,0.0025,False,False
C_gradient_boosting,8,colapinto,COL,14.828097477672067,15.0,0.0056,0.0278,False,False
C_gradient_boosting,8,gasly,GAS,10.62216218995622,13.0,0.02905,0.12455,False,False
C_gradient_boosting,8,hadjar,HAD,12.511507992161047,6.0,0.01235,0.0639,False,False
C_gradient_boosting,8,hamilton,HAM,4.781890829319576,5.0,0.22855,0.5074,False,False
C_gradient_boosting,8,hulkenberg,HUL,12.174938325005593,12.0,0.01285,0.0652,False,False
C_gradient_boosting,8,lawson,LAW,10.062960430586473,9.0,0.0366,0.15175,False,False
C_gradient_boosting,8,leclerc,LEC,6.8519739777544775,8.0,0.10745,0.30465,False,False
C_gradient_boosting,8,max_verstappen,VER,8.781777806785279,2.0,0.05755,0.19925,False,True
C_gradient_boosting,8,norris,NOR,10.97147320899808,7.0,0.0248,0.1034,False,False
C_gradient_boosting,8,ocon,OCO,14.1230342006331,16.0,0.00595,0.03675,False,False
C_gradient_boosting,8,perez,PER,16.91880346489402,21.0,0.00145,0.0107,False,False
C_gradient_boosting,8,piastri,PIA,7.239533931404272,4.0,0.1088,0.31465,False,False
C_gradient_boosting,8,russell,RUS,5.8145456490332945,1.0,0.1617,0.3971,True,True
C_gradient_boosting,8,sainz,SAI,11.538799808481073,20.0,0.0204,0.0916,False,False
C_gradient_boosting,8,stroll,STR,19.208354159942733,19.0,0.00025,0.0024,False,False
D_grid_baseline,8,albon,ALB,18.0,17.0,0.00015,0.00195,False,False
D_grid_baseline,8,alonso,ALO,21.0,18.0,0.0,0.0001,False,False
D_grid_baseline,8,antonelli,ANT,4.0,3.0,0.1174,0.36765,False,True
D_grid_baseline,8,arvid_lindblad,LIN,10.0,10.0,0.01085,0.06735,False,False
D_grid_baseline,8,bearman,BEA,13.0,14.0,0.0023,0.01705,False,False
D_grid_baseline,8,bortoleto,BOR,12.0,11.0,0.0032,0.02965,False,False
D_grid_baseline,8,bottas,BOT,20.0,22.0,5e-05,0.0003,False,False
D_grid_baseline,8,colapinto,COL,16.0,15.0,0.0004,0.0055,False,False
D_grid_baseline,8,gasly,GAS,11.0,13.0,0.0062,0.04605,False,False
D_grid_baseline,8,hadjar,HAD,8.0,6.0,0.0245,0.12795,False,False
D_grid_baseline,8,hamilton,HAM,3.0,5.0,0.1692,0.4707,False,False
D_grid_baseline,8,hulkenberg,HUL,14.0,12.0,0.00115,0.01155,False,False
D_grid_baseline,8,lawson,LAW,9.0,9.0,0.0179,0.1005,False,False
D_grid_baseline,8,leclerc,LEC,2.0,8.0,0.19435,0.47425,False,False
D_grid_baseline,8,max_verstappen,VER,5.0,2.0,0.0798,0.28475,False,True
D_grid_baseline,8,norris,NOR,6.0,7.0,0.05485,0.21465,False,False
D_grid_baseline,8,ocon,OCO,15.0,16.0,0.00075,0.0079,False,False
D_grid_baseline,8,perez,PER,19.0,21.0,0.0,0.0008,False,False
D_grid_baseline,8,piastri,PIA,7.0,4.0,0.0414,0.1889,False,False
D_grid_baseline,8,russell,RUS,1.0,1.0,0.27535,0.5793,True,True
D_grid_baseline,8,sainz,SAI,17.0,20.0,0.0002,0.00295,False,False
D_grid_baseline,8,stroll,STR,22.0,19.0,0.0,0.0002,False,False
A_ridge,9,albon,ALB,14.203254244631667,21.0,0.002,0.0142,False,False
A_ridge,9,alonso,ALO,19.242062103659748,18.0,0.0,0.00045,False,False
A_ridge,9,antonelli,ANT,3.8914166021277126,15.0,0.2191,0.50065,False,False
A_ridge,9,arvid_lindblad,LIN,9.9879072364964,7.0,0.02115,0.09665,False,False
A_ridge,9,bearman,BEA,12.62754970060367,12.0,0.0038,0.02735,False,False
A_ridge,9,bortoleto,BOR,11.132576728458243,8.0,0.01035,0.0608,False,False
A_ridge,9,bottas,BOT,17.150054560772062,16.0,0.0003,0.0021,False,False
A_ridge,9,colapinto,COL,14.540639999804444,9.0,0.0018,0.01365,False,False
A_ridge,9,gasly,GAS,12.99543030738878,10.0,0.00385,0.0254,False,False
A_ridge,9,hadjar,HAD,7.133752831785046,5.0,0.06785,0.22765,False,False
A_ridge,9,hamilton,HAM,4.674250475942525,3.0,0.1807,0.46095,False,True
A_ridge,9,hulkenberg,HUL,12.023419654439422,22.0,0.00595,0.03655,False,False
A_ridge,9,lawson,LAW,10.170927880975249,6.0,0.01905,0.09135,False,False
A_ridge,9,leclerc,LEC,4.833483239878062,1.0,0.15085,0.39515,True,True
A_ridge,9,max_verstappen,VER,7.571607775059972,20.0,0.0569,0.20355,False,False
A_ridge,9,norris,NOR,7.430754851089114,4.0,0.05955,0.2098,False,False
A_ridge,9,ocon,OCO,14.364607249056395,13.0,0.00175,0.01385,False,False
A_ridge,9,perez,PER,16.64408899908183,14.0,0.00035,0.0035,False,False
A_ridge,9,piastri,PIA,7.720385156919637,11.0,0.0572,0.2169,False,False
A_ridge,9,russell,RUS,5.397973611567083,2.0,0.1339,0.3713,False,True
A_ridge,9,sainz,SAI,12.859997816264068,17.0,0.00355,0.02785,False,False
A_ridge,9,stroll,STR,19.723561652207326,19.0,5e-05,0.00035,False,False
B_random_forest,9,albon,ALB,14.57718880011456,21.0,0.00145,0.01385,False,False
B_random_forest,9,alonso,ALO,18.693280065502915,18.0,5e-05,0.0011,False,False
B_random_forest,9,antonelli,ANT,1.9213276697674544,15.0,0.3388,0.63475,False,False
B_random_forest,9,arvid_lindblad,LIN,9.511848329216358,7.0,0.02415,0.11755,False,False
B_random_forest,9,bearman,BEA,13.770947843496375,12.0,0.0024,0.01675,False,False
B_random_forest,9,bortoleto,BOR,9.450876731773562,8.0,0.0244,0.1192,False,False
B_random_forest,9,bottas,BOT,17.344614801263408,16.0,0.00015,0.00235,False,False
B_random_forest,9,colapinto,COL,16.403222287052476,9.0,0.0006,0.00595,False,False
B_random_forest,9,gasly,GAS,10.669757022724452,10.0,0.01255,0.07465,False,False
B_random_forest,9,hadjar,HAD,5.592166367765361,5.0,0.10495,0.33095,False,False
B_random_forest,9,hamilton,HAM,7.286777724563018,3.0,0.0624,0.2486,False,True
B_random_forest,9,hulkenberg,HUL,12.918699072401616,22.0,0.0034,0.02635,False,False
B_random_forest,9,lawson,LAW,11.077061283925909,6.0,0.0115,0.0672,False,False
B_random_forest,9,leclerc,LEC,4.2730194148730565,1.0,0.1598,0.42765,True,True
B_random_forest,9,max_verstappen,VER,7.609816381399818,20.0,0.05115,0.2023,False,False
B_random_forest,9,norris,NOR,6.836600474250554,4.0,0.0671,0.2439,False,False
B_random_forest,9,ocon,OCO,15.120140881486927,13.0,0.00115,0.0106,False,False
B_random_forest,9,perez,PER,17.88250944631565,14.0,5e-05,0.0021,False,False
B_random_forest,9,piastri,PIA,11.929253986940134,11.0,0.0078,0.0485,False,False
B_random_forest,9,russell,RUS,5.273258382819455,2.0,0.1225,0.3768,False,True
B_random_forest,9,sainz,SAI,13.040823357035118,17.0,0.0035,0.0278,False,False
B_random_forest,9,stroll,STR,18.426950989590868,19.0,0.00015,0.0011,False,False
C_gradient_boosting,9,albon,ALB,15.381385364183624,21.0,0.00195,0.01465,False,False
C_gradient_boosting,9,alonso,ALO,20.301677820536373,18.0,5e-05,0.0008,False,False
C_gradient_boosting,9,antonelli,ANT,3.642164414024048,15.0,0.2107,0.50795,False,False
C_gradient_boosting,9,arvid_lindblad,LIN,11.097895470365579,7.0,0.0145,0.08085,False,False
C_gradient_boosting,9,bearman,BEA,14.502152217042457,12.0,0.0029,0.0175,False,False
C_gradient_boosting,9,bortoleto,BOR,8.356165272069799,8.0,0.04435,0.1878,False,False
C_gradient_boosting,9,bottas,BOT,17.504020727618908,16.0,0.0002,0.0038,False,False
C_gradient_boosting,9,colapinto,COL,15.91079418682701,9.0,0.00135,0.01195,False,False
C_gradient_boosting,9,gasly,GAS,9.656692819753772,10.0,0.0264,0.1269,False,False
C_gradient_boosting,9,hadjar,HAD,2.6110987971679256,5.0,0.2618,0.5407,False,False
C_gradient_boosting,9,hamilton,HAM,5.336096989001296,3.0,0.1359,0.40515,False,True
C_gradient_boosting,9,hulkenberg,HUL,12.352957300896849,22.0,0.00715,0.04355,False,False
C_gradient_boosting,9,lawson,LAW,11.037700462071204,6.0,0.0154,0.08445,False,False
C_gradient_boosting,9,leclerc,LEC,4.396519851446142,1.0,0.159,0.4198,True,True
C_gradient_boosting,9,max_verstappen,VER,8.774490553527855,20.0,0.0392,0.16205,False,False
C_gradient_boosting,9,norris,NOR,9.353681985942151,4.0,0.0294,0.13605,False,False
C_gradient_boosting,9,ocon,OCO,15.126970697057468,13.0,0.0024,0.0156,False,False
C_gradient_boosting,9,perez,PER,16.365781995864033,14.0,0.0009,0.00855,False,False
C_gradient_boosting,9,piastri,PIA,13.009603041858885,11.0,0.00635,0.0419,False,False
C_gradient_boosting,9,russell,RUS,9.090576981372966,2.0,0.03545,0.15625,False,True
C_gradient_boosting,9,sainz,SAI,13.407553328250529,17.0,0.00455,0.03275,False,False
C_gradient_boosting,9,stroll,STR,19.408578363962327,19.0,0.0001,0.001,False,False
D_grid_baseline,9,albon,ALB,16.0,21.0,0.00025,0.0037,False,False
D_grid_baseline,9,alonso,ALO,21.0,18.0,0.0,0.0002,False,False
D_grid_baseline,9,antonelli,ANT,1.0,15.0,0.28445,0.6022,False,False
D_grid_baseline,9,arvid_lindblad,LIN,9.0,7.0,0.0159,0.0907,False,False
D_grid_baseline,9,bearman,BEA,13.0,12.0,0.0019,0.0144,False,False
D_grid_baseline,9,bortoleto,BOR,11.0,8.0,0.0054,0.04095,False,False
D_grid_baseline,9,bottas,BOT,18.0,16.0,0.0,0.00095,False,False
D_grid_baseline,9,colapinto,COL,19.0,9.0,0.0,0.0007,False,False
D_grid_baseline,9,gasly,GAS,15.0,10.0,0.0004,0.00585,False,False
D_grid_baseline,9,hadjar,HAD,5.0,5.0,0.07775,0.2774,False,False
D_grid_baseline,9,hamilton,HAM,3.0,3.0,0.1696,0.4787,False,True
D_grid_baseline,9,hulkenberg,HUL,12.0,22.0,0.0025,0.0234,False,False
D_grid_baseline,9,lawson,LAW,10.0,6.0,0.01045,0.06425,False,False
D_grid_baseline,9,leclerc,LEC,2.0,1.0,0.2001,0.49265,True,True
D_grid_baseline,9,max_verstappen,VER,7.0,20.0,0.03675,0.1674,False,False
D_grid_baseline,9,norris,NOR,6.0,4.0,0.0529,0.21595,False,False
D_grid_baseline,9,ocon,OCO,17.0,13.0,0.0001,0.002,False,False
D_grid_baseline,9,perez,PER,20.0,14.0,0.0,0.00015,False,False
D_grid_baseline,9,piastri,PIA,8.0,11.0,0.02625,0.134,False,False
D_grid_baseline,9,russell,RUS,4.0,2.0,0.11455,0.37355,False,True
D_grid_baseline,9,sainz,SAI,14.0,17.0,0.00075,0.01085,False,False
D_grid_baseline,9,stroll,STR,22.0,19.0,0.0,5e-05,False,False
A_ridge,10,albon,ALB,13.706158575689331,15.0,0.0024,0.01495,False,False
A_ridge,10,alonso,ALO,19.95308163950904,19.0,0.0,0.0003,False,False
A_ridge,10,antonelli,ANT,3.652097725093344,1.0,0.23895,0.5205,True,True
A_ridge,10,arvid_lindblad,LIN,8.571988307296753,9.0,0.03795,0.15245,False,False
A_ridge,10,bearman,BEA,13.18415278272415,14.0,0.00295,0.0193,False,False
A_ridge,10,bortoleto,BOR,9.411439043282881,8.0,0.02555,0.114,False,False
A_ridge,10,bottas,BOT,16.72822089652504,18.0,0.00025,0.00245,False,False
A_ridge,10,colapinto,COL,10.566718529737301,10.0,0.01515,0.0797,False,False
A_ridge,10,gasly,GAS,10.181947869536152,11.0,0.01535,0.0838,False,False
A_ridge,10,hadjar,HAD,14.421712294435054,6.0,0.0017,0.012,False,False
A_ridge,10,hamilton,HAM,5.762373258922799,4.0,0.12395,0.36255,False,False
A_ridge,10,hulkenberg,HUL,13.044732832140985,13.0,0.0033,0.0199,False,False
A_ridge,10,lawson,LAW,9.382299355052334,12.0,0.02595,0.1183,False,False
A_ridge,10,leclerc,LEC,5.330838050444831,2.0,0.12795,0.35815,False,True
A_ridge,10,max_verstappen,VER,5.461043590691483,3.0,0.11815,0.3335,False,True
A_ridge,10,norris,NOR,9.558197832140008,7.0,0.02225,0.10375,False,False
A_ridge,10,ocon,OCO,14.36181424145185,17.0,0.0015,0.01195,False,False
A_ridge,10,perez,PER,16.57174373088016,21.0,0.0002,0.00365,False,False
A_ridge,10,piastri,PIA,6.770567336041977,5.0,0.08335,0.27835,False,False
A_ridge,10,russell,RUS,5.009798709805821,22.0,0.1524,0.4035,False,False
A_ridge,10,sainz,SAI,15.26629436394996,16.0,0.00065,0.0066,False,False
A_ridge,10,stroll,STR,19.443698363293382,20.0,0.0001,0.00035,False,False
B_random_forest,10,albon,ALB,15.196206238326514,15.0,0.001,0.0074,False,False
B_random_forest,10,alonso,ALO,19.001113548001708,19.0,5e-05,0.00045,False,False
B_random_forest,10,antonelli,ANT,2.993815849149134,1.0,0.27375,0.56095,True,True
B_random_forest,10,arvid_lindblad,LIN,6.962906702697029,9.0,0.06875,0.24165,False,False
B_random_forest,10,bearman,BEA,13.590702416274244,14.0,0.0023,0.01535,False,False
B_random_forest,10,bortoleto,BOR,8.919613305091657,8.0,0.0301,0.13055,False,False
B_random_forest,10,bottas,BOT,16.752051794172452,18.0,0.0002,0.0024,False,False
B_random_forest,10,colapinto,COL,11.150941220219185,10.0,0.01025,0.0587,False,False
B_random_forest,10,gasly,GAS,9.422563930357045,11.0,0.02115,0.1084,False,False
B_random_forest,10,hadjar,HAD,14.725378982515593,6.0,0.0014,0.009,False,False
B_random_forest,10,hamilton,HAM,6.865501275220044,4.0,0.07355,0.26545,False,False
B_random_forest,10,hulkenberg,HUL,13.385399775018584,13.0,0.00265,0.01635,False,False
B_random_forest,10,lawson,LAW,9.708267497535143,12.0,0.0208,0.1015,False,False
B_random_forest,10,leclerc,LEC,5.267367889755587,2.0,0.1244,0.3491,False,True
B_random_forest,10,max_verstappen,VER,4.521542275784067,3.0,0.15145,0.3918,False,True
B_random_forest,10,norris,NOR,8.47320298792195,7.0,0.03415,0.14425,False,False
B_random_forest,10,ocon,OCO,13.615877209486426,17.0,0.0022,0.01735,False,False
B_random_forest,10,perez,PER,17.82033092363844,21.0,5e-05,0.00145,False,False
B_random_forest,10,piastri,PIA,7.418447065291684,5.0,0.0601,0.22285,False,False
B_random_forest,10,russell,RUS,5.546749939276404,22.0,0.12075,0.3481,False,False
B_random_forest,10,sainz,SAI,15.235776124454599,16.0,0.00085,0.0066,False,False
B_random_forest,10,stroll,STR,19.755256187353716,20.0,0.0001,0.00035,False,False
C_gradient_boosting,10,albon,ALB,14.085892193412194,15.0,0.0009,0.008,False,False
C_gradient_boosting,10,alonso,ALO,17.407696820613516,19.0,0.0002,0.00085,False,False
C_gradient_boosting,10,antonelli,ANT,0.09354285429240314,1.0,0.3695,0.6578,True,True
C_gradient_boosting,10,arvid_lindblad,LIN,5.631234490966758,9.0,0.0621,0.2449,False,False
C_gradient_boosting,10,bearman,BEA,12.847238038841956,14.0,0.00185,0.0149,False,False
C_gradient_boosting,10,bortoleto,BOR,7.52117954782359,8.0,0.0291,0.13885,False,False
C_gradient_boosting,10,bottas,BOT,17.2285088570217,18.0,5e-05,0.00105,False,False
C_gradient_boosting,10,colapinto,COL,9.845788849489646,10.0,0.0099,0.06565,False,False
C_gradient_boosting,10,gasly,GAS,9.376872540551311,11.0,0.0113,0.07135,False,False
C_gradient_boosting,10,hadjar,HAD,15.000176756299973,6.0,0.0005,0.0054,False,False
C_gradient_boosting,10,hamilton,HAM,3.900568058044096,4.0,0.126,0.3952,False,False
C_gradient_boosting,10,hulkenberg,HUL,12.908433370306902,13.0,0.00155,0.01415,False,False
C_gradient_boosting,10,lawson,LAW,8.978281880664884,12.0,0.01495,0.0871,False,False
C_gradient_boosting,10,leclerc,LEC,7.6917152201900825,2.0,0.02755,0.1288,False,True
C_gradient_boosting,10,max_verstappen,VER,2.897036813980537,3.0,0.14755,0.40745,False,True
C_gradient_boosting,10,norris,NOR,4.71869142757789,7.0,0.0858,0.2878,False,False
C_gradient_boosting,10,ocon,OCO,12.598242680584386,17.0,0.00205,0.0182,False,False
C_gradient_boosting,10,perez,PER,18.867157458636967,21.0,0.0,0.0004,False,False
C_gradient_boosting,10,piastri,PIA,6.692895432806252,5.0,0.0439,0.1907,False,False
C_gradient_boosting,10,russell,RUS,5.665977541741976,22.0,0.06415,0.24905,False,False
C_gradient_boosting,10,sainz,SAI,13.312936692101697,16.0,0.001,0.01195,False,False
C_gradient_boosting,10,stroll,STR,18.641499514202607,20.0,0.0001,0.00045,False,False
D_grid_baseline,10,albon,ALB,15.0,15.0,0.00035,0.00595,False,False
D_grid_baseline,10,alonso,ALO,22.0,19.0,0.0,0.0,False,False
D_grid_baseline,10,antonelli,ANT,1.0,1.0,0.29075,0.60595,True,True
D_grid_baseline,10,arvid_lindblad,LIN,7.0,9.0,0.03785,0.17225,False,False
D_grid_baseline,10,bearman,BEA,14.0,14.0,0.00105,0.0097,False,False
D_grid_baseline,10,bortoleto,BOR,8.0,8.0,0.0241,0.12735,False,False
D_grid_baseline,10,bottas,BOT,17.0,18.0,0.0002,0.00145,False,False
D_grid_baseline,10,colapinto,COL,11.0,10.0,0.0065,0.0442,False,False
D_grid_baseline,10,gasly,GAS,10.0,11.0,0.0086,0.0578,False,False
D_grid_baseline,10,hadjar,HAD,21.0,6.0,0.0,0.0001,False,False
D_grid_baseline,10,hamilton,HAM,5.0,4.0,0.08515,0.31715,False,False
D_grid_baseline,10,hulkenberg,HUL,12.0,13.0,0.0029,0.02175,False,False
D_grid_baseline,10,lawson,LAW,9.0,12.0,0.0152,0.09145,False,False
D_grid_baseline,10,leclerc,LEC,4.0,2.0,0.10925,0.3508,False,True
D_grid_baseline,10,max_verstappen,VER,2.0,3.0,0.19705,0.48075,False,True
D_grid_baseline,10,norris,NOR,13.0,7.0,0.0019,0.01545,False,False
D_grid_baseline,10,ocon,OCO,16.0,17.0,0.0002,0.0029,False,False
D_grid_baseline,10,perez,PER,18.0,21.0,0.0,0.00085,False,False
D_grid_baseline,10,piastri,PIA,6.0,5.0,0.05795,0.2422,False,False
D_grid_baseline,10,russell,RUS,3.0,22.0,0.16095,0.45135,False,False
D_grid_baseline,10,sainz,SAI,19.0,16.0,0.0,0.0003,False,False
D_grid_baseline,10,stroll,STR,20.0,20.0,5e-05,0.0003,False,False
A_ridge,11,albon,ALB,17.235805595775357,17.0,0.0004,0.0029,False,False
A_ridge,11,alonso,ALO,17.035079353793137,14.0,0.0004,0.00265,False,False
A_ridge,11,antonelli,ANT,6.348124882476348,3.0,0.1117,0.3337,False,True
A_ridge,11,arvid_lindblad,LIN,11.007524902126097,10.0,0.01515,0.0733,False,False
A_ridge,11,bearman,BEA,15.836648295297808,19.0,0.00085,0.0057,False,False
A_ridge,11,bortoleto,BOR,13.151782801633752,11.0,0.00365,0.0274,False,False
A_ridge,11,bottas,BOT,19.559597824838026,22.0,5e-05,0.0005,False,False
A_ridge,11,colapinto,COL,12.426507402810586,15.0,0.00675,0.0418,False,False
A_ridge,11,gasly,GAS,11.75466910638425,12.0,0.0091,0.05235,False,False
A_ridge,11,hadjar,HAD,8.88829948089952,6.0,0.03685,0.15325,False,False
A_ridge,11,hamilton,HAM,5.502530416512681,5.0,0.15865,0.4251,False,False
A_ridge,11,hulkenberg,HUL,12.932622039461092,9.0,0.0045,0.02605,False,False
A_ridge,11,lawson,LAW,10.22396410071814,8.0,0.0209,0.1026,False,False
A_ridge,11,leclerc,LEC,4.436481549394581,4.0,0.20205,0.4645,False,False
A_ridge,11,max_verstappen,VER,7.13222888488986,2.0,0.07425,0.2492,False,True
A_ridge,11,norris,NOR,5.257297208683619,1.0,0.1486,0.3937,True,True
A_ridge,11,ocon,OCO,14.871525833130857,16.0,0.00135,0.0114,False,False
A_ridge,11,perez,PER,20.397038064692282,21.0,0.0,0.00015,False,False
A_ridge,11,piastri,PIA,6.456785225897713,20.0,0.11035,0.337,False,False
A_ridge,11,russell,RUS,6.643302740067577,7.0,0.094,0.293,False,False
A_ridge,11,sainz,SAI,16.79157279213192,18.0,0.0004,0.0033,False,False
A_ridge,11,stroll,STR,19.383661397410503,13.0,5e-05,0.00045,False,False
B_random_forest,11,albon,ALB,17.234381475095258,17.0,0.00035,0.00285,False,False
B_random_forest,11,alonso,ALO,17.028417856000203,14.0,0.00035,0.00235,False,False
B_random_forest,11,antonelli,ANT,6.026655725887459,3.0,0.1171,0.35275,False,True
B_random_forest,11,arvid_lindblad,LIN,9.849419139408933,10.0,0.0241,0.1108,False,False
B_random_forest,11,bearman,BEA,15.456426105344608,19.0,0.001,0.00695,False,False
B_random_forest,11,bortoleto,BOR,11.95349037042249,11.0,0.00745,0.0442,False,False
B_random_forest,11,bottas,BOT,17.76056559077315,22.0,5e-05,0.00145,False,False
B_random_forest,11,colapinto,COL,12.040500307355176,15.0,0.00705,0.04585,False,False
B_random_forest,11,gasly,GAS,10.3981965094589,12.0,0.0154,0.08905,False,False
B_random_forest,11,hadjar,HAD,10.09815137629828,6.0,0.01925,0.09745,False,False
B_random_forest,11,hamilton,HAM,4.925437595067467,5.0,0.17845,0.46675,False,False
B_random_forest,11,hulkenberg,HUL,13.691767619033868,9.0,0.00205,0.0177,False,False
B_random_forest,11,lawson,LAW,10.118947023719326,8.0,0.0203,0.1016,False,False
B_random_forest,11,leclerc,LEC,4.015552606761182,4.0,0.21385,0.4879,False,False
B_random_forest,11,max_verstappen,VER,6.2988726661281635,2.0,0.0937,0.3005,False,True
B_random_forest,11,norris,NOR,4.207903279125414,1.0,0.197,0.4698,True,True
B_random_forest,11,ocon,OCO,14.339875016813256,16.0,0.0017,0.0151,False,False
B_random_forest,11,perez,PER,17.812192866395733,21.0,0.0,0.0016,False,False
B_random_forest,11,piastri,PIA,9.397530770502286,20.0,0.0294,0.1341,False,False
B_random_forest,11,russell,RUS,7.166011268976985,7.0,0.0711,0.24775,False,False
B_random_forest,11,sainz,SAI,16.947372349322507,18.0,0.00025,0.0029,False,False
B_random_forest,11,stroll,STR,18.9809859144811,13.0,0.0001,0.0006,False,False
C_gradient_boosting,11,albon,ALB,18.543786031862915,17.0,0.0002,0.00185,False,False
C_gradient_boosting,11,alonso,ALO,17.213215076759443,14.0,0.00045,0.00355,False,False
C_gradient_boosting,11,antonelli,ANT,3.472572564645624,3.0,0.23605,0.55675,False,True
C_gradient_boosting,11,arvid_lindblad,LIN,12.162045522217985,10.0,0.00785,0.05275,False,False
C_gradient_boosting,11,bearman,BEA,15.99939868652689,19.0,0.0008,0.0075,False,False
C_gradient_boosting,11,bortoleto,BOR,13.022335979084753,11.0,0.00415,0.0357,False,False
C_gradient_boosting,11,bottas,BOT,18.41342745540642,22.0,0.0001,0.00185,False,False
C_gradient_boosting,11,colapinto,COL,12.273194244401381,15.0,0.00795,0.0502,False,False
C_gradient_boosting,11,gasly,GAS,11.309278147137864,12.0,0.01015,0.07115,False,False
C_gradient_boosting,11,hadjar,HAD,8.619121817933792,6.0,0.03645,0.1706,False,False
C_gradient_boosting,11,hamilton,HAM,2.7676219126433605,5.0,0.3067,0.64045,False,False
C_gradient_boosting,11,hulkenberg,HUL,13.53293595967721,9.0,0.00255,0.0243,False,False
C_gradient_boosting,11,lawson,LAW,10.512604278647085,8.0,0.01665,0.09865,False,False
C_gradient_boosting,11,leclerc,LEC,5.857518470307532,4.0,0.1034,0.347,False,False
C_gradient_boosting,11,max_verstappen,VER,8.013682941754157,2.0,0.04575,0.1965,False,True
C_gradient_boosting,11,norris,NOR,4.357724542074027,1.0,0.16955,0.45175,True,True
C_gradient_boosting,11,ocon,OCO,15.122586601784093,16.0,0.0014,0.0131,False,False
C_gradient_boosting,11,perez,PER,19.171043751675615,21.0,0.0001,0.00125,False,False
C_gradient_boosting,11,piastri,PIA,9.46744144907923,20.0,0.02615,0.14435,False,False
C_gradient_boosting,11,russell,RUS,9.638763444000757,7.0,0.02325,0.1258,False,False
C_gradient_boosting,11,sainz,SAI,17.851062692603964,18.0,0.0002,0.0032,False,False
C_gradient_boosting,11,stroll,STR,17.83834470768103,13.0,0.00015,0.00175,False,False
D_grid_baseline,11,albon,ALB,19.0,17.0,0.0,0.00045,False,False
D_grid_baseline,11,alonso,ALO,16.0,14.0,0.0003,0.0034,False,False
D_grid_baseline,11,antonelli,ANT,7.0,3.0,0.04035,0.1803,False,True
D_grid_baseline,11,arvid_lindblad,LIN,9.0,10.0,0.01715,0.0931,False,False
D_grid_baseline,11,bearman,BEA,17.0,19.0,0.00015,0.00205,False,False
D_grid_baseline,11,bortoleto,BOR,14.0,11.0,0.00105,0.0112,False,False
D_grid_baseline,11,bottas,BOT,21.0,22.0,0.0,5e-05,False,False
D_grid_baseline,11,colapinto,COL,13.0,15.0,0.00235,0.01945,False,False
D_grid_baseline,11,gasly,GAS,12.0,12.0,0.0033,0.02785,False,False
D_grid_baseline,11,hadjar,HAD,8.0,6.0,0.02395,0.1269,False,False
D_grid_baseline,11,hamilton,HAM,5.0,5.0,0.08835,0.3214,False,False
D_grid_baseline,11,hulkenberg,HUL,10.0,9.0,0.00895,0.0547,False,False
D_grid_baseline,11,lawson,LAW,11.0,8.0,0.0064,0.0448,False,False
D_grid_baseline,11,leclerc,LEC,2.0,4.0,0.2083,0.5025,False,False
D_grid_baseline,11,max_verstappen,VER,4.0,2.0,0.1048,0.3416,False,True
D_grid_baseline,11,norris,NOR,1.0,1.0,0.26695,0.56845,True,True
D_grid_baseline,11,ocon,OCO,15.0,16.0,0.00045,0.00605,False,False
D_grid_baseline,11,perez,PER,22.0,21.0,0.0,0.0,False,False
D_grid_baseline,11,piastri,PIA,3.0,20.0,0.17305,0.47105,False,False
D_grid_baseline,11,russell,RUS,6.0,7.0,0.05405,0.2232,False,False
D_grid_baseline,11,sainz,SAI,18.0,18.0,0.0001,0.0011,False,False
D_grid_baseline,11,stroll,STR,20.0,13.0,0.0,0.0004,False,False
